Source,Target,Type,Weight,book
Velerad,Geralt,Undirected,1,1
Geralt,Foltest,Undirected,5,1
Foltest,Geralt,Undirected,4,1
Adda,Geralt,Undirected,1,1
Geralt,Ostrit,Undirected,4,1
Ostrit,Geralt,Undirected,5,1
Ostrit,Foltest,Undirected,1,1
Ostrit,Velerad,Undirected,1,1
Foltest,Velerad,Undirected,1,1
Foltest,Adda,Undirected,1,1
Geralt,Adda,Undirected,2,1
Foltest,Two,Undirected,1,1
Yennefer,Nenneke,Undirected,2,1
Nenneke,Geralt,Undirected,12,1
Geralt,Nenneke,Undirected,12,1
Geralt,Iola,Undirected,4,1
Nenneke,Iola,Undirected,8,1
Roach,Geralt,Undirected,3,1
Two,Geralt,Undirected,2,1
Geralt,Roach,Undirected,4,1
Geralt,Nivellen,Undirected,14,1
Nivellen,Geralt,Undirected,11,1
Fenne,Geralt,Undirected,1,1
Geralt,Fenne,Undirected,1,1
Asse,Geralt,Undirected,2,1
Roach,Vereena,Undirected,2,1
Vereena,Geralt,Undirected,4,1
Vereena,Nivellen,Undirected,2,1
Hereward,Nenneke,Undirected,5,1
Hereward,Geralt,Undirected,4,1
Nenneke,Hereward,Undirected,4,1
Geralt,Hereward,Undirected,3,1
Nenneke,Falwick,Undirected,4,1
Falwick,Nenneke,Undirected,6,1
Geralt,Falwick,Undirected,5,1
Hereward,Falwick,Undirected,3,1
Falwick,Geralt,Undirected,3,1
Falwick,Hereward,Undirected,2,1
Geralt,Caldemeyn,Undirected,4,1
Caldemeyn,Geralt,Undirected,9,1
Stregobor,Count,Undirected,1,1
Stregobor,Geralt,Undirected,4,1
Geralt,Eltibald,Undirected,1,1
Stregobor,Fredefalk,Undirected,2,1
Geralt,Fredefalk,Undirected,2,1
Fredefalk,Geralt,Undirected,1,1
Geralt,Stregobor,Undirected,8,1
Fredefalk,Renfri,Undirected,2,1
Renfri,Fredefalk,Undirected,2,1
Nohorn,Geralt,Undirected,1,1
Nohorn,Tavik,Undirected,1,1
Civril,Tavik,Undirected,3,1
Tavik,Fifteen,Undirected,1,1
Fifteen,Tavik,Undirected,1,1
Civril,Renfri,Undirected,4,1
Renfri,Civril,Undirected,1,1
Renfri,Tavik,Undirected,1,1
Tavik,Renfri,Undirected,1,1
Tavik,Caldemeyn,Undirected,1,1
Renfri,Caldemeyn,Undirected,3,1
Caldemeyn,Renfri,Undirected,2,1
Geralt,Renfri,Undirected,11,1
Renfri,Audoen,Undirected,3,1
Audoen,Caldemeyn,Undirected,2,1
Geralt,Libushe,Undirected,1,1
Libushe,Geralt,Undirected,2,1
Renfri,Stregobor,Undirected,4,1
Geralt,Audoen,Undirected,2,1
Stregobor,Audoen,Undirected,1,1
Stregobor,Renfri,Undirected,8,1
Audoen,Renfri,Undirected,2,1
Renfri,Geralt,Undirected,8,1
Nohorn,Fifteen,Undirected,1,1
Nohorn,Civril,Undirected,1,1
Fifteen,Civril,Undirected,3,1
Baron,Civril,Undirected,1,1
Caldemeyn,Stregobor,Undirected,1,1
Stregobor,Baron,Undirected,1,1
Caldemeyn,Audoen,Undirected,1,1
Audoen,Geralt,Undirected,1,1
Civril,Fifteen,Undirected,1,1
Civril,Geralt,Undirected,1,1
Fifteen,Nohorn,Undirected,1,1
Iola,Geralt,Undirected,1,1
Yennefer,Iola,Undirected,1,1
Geralt,Haxo,Undirected,2,1
Haxo,Pavetta,Undirected,4,1
Haxo,Calanthe,Undirected,1,1
Pavetta,Calanthe,Undirected,9,1
Calanthe,Geralt,Undirected,17,1
Haxo,Geralt,Undirected,3,1
Geralt,Rainfarn,Undirected,1,1
Rainfarn,Windhalm,Undirected,4,1
Calanthe,Eist,Undirected,8,1
Calanthe,Pavetta,Undirected,12,1
Eist,Pavetta,Undirected,2,1
Eist,Calanthe,Undirected,7,1
Pavetta,Eist,Undirected,3,1
Eist,Crach,Undirected,3,1
Crach,Eist,Undirected,3,1
Crach,Draig,Undirected,2,1
Crach,Calanthe,Undirected,1,1
Draig,Calanthe,Undirected,2,1
Draig,Eist,Undirected,1,1
Calanthe,Drogodar,Undirected,1,1
Eist,Drogodar,Undirected,1,1
Eist,Vissegerd,Undirected,3,1
Drogodar,Vissegerd,Undirected,2,1
Geralt,Drogodar,Undirected,1,1
Draig,Geralt,Undirected,2,1
Geralt,Calanthe,Undirected,5,1
Calanthe,Draig,Undirected,1,1
Ravix,Haxo,Undirected,2,1
Pavetta,Vissegerd,Undirected,1,1
Vissegerd,Geralt,Undirected,3,1
Crach,Geralt,Undirected,1,1
Eist,Geralt,Undirected,3,1
Haxo,Mousesack,Undirected,2,1
Geralt,Mousesack,Undirected,10,1
Mousesack,Crach,Undirected,3,1
Mousesack,Draig,Undirected,2,1
Mousesack,Calanthe,Undirected,2,1
Roegner,Geralt,Undirected,2,1
Geralt,Pavetta,Undirected,4,1
Calanthe,Roegner,Undirected,2,1
Roegner,Calanthe,Undirected,4,1
Pavetta,Crach,Undirected,2,1
Crach,Vissegerd,Undirected,1,1
Vissegerd,Pavetta,Undirected,1,1
Pavetta,Geralt,Undirected,6,1
Geralt,Eist,Undirected,2,1
Draig,Rainfarn,Undirected,1,1
Pavetta,Roegner,Undirected,2,1
Roegner,Pavetta,Undirected,1,1
Pavetta,Mousesack,Undirected,5,1
Calanthe,Sir,Undirected,1,1
Sir,Rumplestelt,Undirected,1,1
Rumplestelt,Calanthe,Undirected,2,1
Baron,Calanthe,Undirected,1,1
Geralt,Roegner,Undirected,1,1
Geralt,Crach,Undirected,2,1
Crach,Rainfarn,Undirected,4,1
Rainfarn,Calanthe,Undirected,4,1
Rainfarn,Crach,Undirected,1,1
Calanthe,Crach,Undirected,2,1
Rainfarn,Pavetta,Undirected,2,1
Rainfarn,Eist,Undirected,1,1
Windhalm,Calanthe,Undirected,1,1
Windhalm,Pavetta,Undirected,1,1
Windhalm,Eist,Undirected,1,1
Pavetta,Rainfarn,Undirected,2,1
Eist,Mousesack,Undirected,2,1
Crach,Drogodar,Undirected,1,1
Drogodar,Geralt,Undirected,1,1
Crach,Mousesack,Undirected,1,1
Mousesack,Geralt,Undirected,1,1
Mousesack,Pavetta,Undirected,2,1
Pavetta,Draig,Undirected,1,1
Calanthe,Rainfarn,Undirected,1,1
Rainfarn,Mousesack,Undirected,1,1
Akerspaark,Roegner,Undirected,1,1
Rainfarn,Geralt,Undirected,1,1
Nettly,Geralt,Undirected,2,1
Geralt,Nettly,Undirected,3,1
Geralt,Dhun,Undirected,7,1
Dhun,Geralt,Undirected,3,1
Dhun,Nettly,Undirected,4,1
Nettly,Dhun,Undirected,3,1
Lille,Dhun,Undirected,2,1
Dhun,Lille,Undirected,3,1
Lille,Geralt,Undirected,6,1
Geralt,Lille,Undirected,6,1
Nettly,Lille,Undirected,2,1
Geralt,Little,Undirected,1,1
Torque,Galarr,Undirected,3,1
Galarr,Geralt,Undirected,3,1
Geralt,Galarr,Undirected,3,1
Galarr,Torque,Undirected,1,1
Geralt,Torque,Undirected,6,1
Aen,Geralt,Undirected,2,1
Aen,Vanadain,Undirected,1,1
Geralt,Vanadain,Undirected,2,1
Geralt,Toruviel,Undirected,7,1
Vanadain,Toruviel,Undirected,1,1
Vanadain,Geralt,Undirected,2,1
Toruviel,Geralt,Undirected,5,1
Toruviel,Torque,Undirected,1,1
Toruviel,Vanadain,Undirected,1,1
Toruviel,Galarr,Undirected,1,1
Torque,Vanadain,Undirected,1,1
Vanadain,Galarr,Undirected,1,1
Torque,Toruviel,Undirected,2,1
Torque,Geralt,Undirected,3,1
Filavandrel,Geralt,Undirected,3,1
Geralt,Filavandrel,Undirected,5,1
Filavandrel,Toruviel,Undirected,5,1
Toruviel,Filavandrel,Undirected,4,1
Filavandrel,Torque,Undirected,2,1
Filavandrel,Aen,Undirected,1,1
Toruviel,Aen,Undirected,1,1
Filavandrel,Lille,Undirected,2,1
Lille,Field,Undirected,1,1
Field,Filavandrel,Undirected,1,1
Toruviel,Lille,Undirected,1,1
Torque,Field,Undirected,1,1
Torque,Lille,Undirected,1,1
Nenneke,Yennefer,Undirected,1,1
Geralt,Yennefer,Undirected,22,1
King,Geralt,Undirected,1,1
Chireadan,Errdil,Undirected,2,1
Chireadan,Vratimir,Undirected,2,1
Chireadan,Geralt,Undirected,15,1
Errdil,Vratimir,Undirected,3,1
Errdil,Geralt,Undirected,3,1
Vratimir,Geralt,Undirected,3,1
Geralt,Vratimir,Undirected,2,1
Geralt,Chireadan,Undirected,9,1
Vratimir,Chireadan,Undirected,1,1
Geralt,King,Undirected,1,1
Errdil,Chireadan,Undirected,5,1
Geralt,Beau,Undirected,4,1
Beau,Chireadan,Undirected,3,1
Yennefer,Geralt,Undirected,23,1
Geralt,Triss,Undirected,1,1
Triss,Beau,Undirected,1,1
Two,Yennefer,Undirected,1,1
Yennefer,Errdil,Undirected,3,1
Errdil,Yennefer,Undirected,1,1
Vratimir,Yennefer,Undirected,2,1
Chireadan,Yennefer,Undirected,7,1
Yennefer,Beau,Undirected,1,1
Yennefer,Chireadan,Undirected,3,1
Beau,Yennefer,Undirected,1,1
Geralt,Sir,Undirected,1,1
Geralt,Laurelnose,Undirected,3,1
Chireadan,Laurelnose,Undirected,1,1
Laurelnose,Yennefer,Undirected,1,1
Laurelnose,Chireadan,Undirected,1,1
Laurelnose,Geralt,Undirected,2,1
Yennefer,Laurelnose,Undirected,1,1
Laurelnose,Neville,Undirected,1,1
Neville,Yennefer,Undirected,1,1
Geralt,Neville,Undirected,2,1
Neville,Geralt,Undirected,1,1
Neville,Laurelnose,Undirected,1,1
Yennefer,Neville,Undirected,1,1
Geralt,Eskel,Undirected,1,1
Geralt,Vesemir,Undirected,1,1
Eskel,Vesemir,Undirected,1,1
Eskel,Errdil,Undirected,1,1
Vesemir,Errdil,Undirected,1,1
Neville,Chireadan,Undirected,1,1
Neville,Errdil,Undirected,1,1
Chireadan,Neville,Undirected,1,1
Geralt,Dennis,Undirected,3,1
Dennis,Geralt,Undirected,3,1
Falwick,Dennis,Undirected,1,1
Falwick,Count,Undirected,2,1
Dennis,Count,Undirected,2,1
Dennis,Falwick,Undirected,1,1
Geralt,Count,Undirected,1,1
Nenneke,Count,Undirected,1,1
Count,Dennis,Undirected,1,1
Count,Geralt,Undirected,1,1
Iola,Nenneke,Undirected,1,1
Yennefer,Geralt,Undirected,25,2
Istredd,Geralt,Undirected,24,2
Istredd,Yennefer,Undirected,10,2
Geralt,Yennefer,Undirected,7,2
Yennefer,Istredd,Undirected,4,2
Geralt,Herbolth,Undirected,15,2
Herbolth,Geralt,Undirected,12,2
Geralt,Seven,Undirected,1,2
Herbolth,Seven,Undirected,1,2
Seven,Sir,Undirected,1,2
Sir,Herbolth,Undirected,1,2
Istredd,Herbolth,Undirected,5,2
Herbolth,Istredd,Undirected,2,2
Geralt,Istredd,Undirected,24,2
Istredd,Beau,Undirected,1,2
Yennefer,Beau,Undirected,1,2
Beau,Istredd,Undirected,1,2
Vespula,Dandelion,Undirected,3,2
Vespula,Geralt,Undirected,4,2
Dandelion,Geralt,Undirected,74,2
Geralt,Dandelion,Undirected,88,2
Dandelion,Gar,Undirected,2,2
Geralt,Gar,Undirected,1,2
Gar,Dandelion,Undirected,2,2
Geralt,Dudu,Undirected,10,2
Dandelion,Dudu,Undirected,3,2
Dudu,Geralt,Undirected,4,2
Vimme,Dandelion,Undirected,4,2
Dandelion,Vimme,Undirected,3,2
Geralt,Vimme,Undirected,1,2
Vimme,Geralt,Undirected,2,2
Dandelion,Vespula,Undirected,4,2
Dudu,Dandelion,Undirected,1,2
Dandelion,Little,Undirected,6,2
Dandelion,Sword,Undirected,4,2
Little,Sword,Undirected,1,2
Little,Geralt,Undirected,9,2
Sword,Geralt,Undirected,2,2
Geralt,Agloval,Undirected,12,2
Agloval,Geralt,Undirected,11,2
Dandelion,Teleri,Undirected,2,2
Geralt,Teleri,Undirected,1,2
Geralt,Essi,Undirected,29,2
Teleri,Geralt,Undirected,1,2
Teleri,Dandelion,Undirected,1,2
Teleri,Essi,Undirected,1,2
Dandelion,Essi,Undirected,11,2
Essi,Geralt,Undirected,23,2
Essi,Dandelion,Undirected,7,2
Little,Dandelion,Undirected,7,2
Geralt,Little,Undirected,3,2
Little,Agloval,Undirected,4,2
Little,Essi,Undirected,4,2
Agloval,Essi,Undirected,12,2
Agloval,Dandelion,Undirected,3,2
Dandelion,Duke,Undirected,1,2
Geralt,Duke,Undirected,3,2
Duke,Dandelion,Undirected,1,2
Duke,Geralt,Undirected,3,2
Geralt,Zelest,Undirected,5,2
Dandelion,Zelest,Undirected,2,2
Dandelion,Agloval,Undirected,3,2
Zelest,Agloval,Undirected,4,2
Agloval,Zelest,Undirected,2,2
Zelest,Geralt,Undirected,7,2
Zelest,Duke,Undirected,2,2
Duke,Agloval,Undirected,2,2
Agloval,Duke,Undirected,1,2
Dandelion,Veverka,Undirected,2,2
Veverka,Dandelion,Undirected,1,2
Essi,Little,Undirected,5,2
Yennefer,Dandelion,Undirected,2,2
Dandelion,Yennefer,Undirected,1,2
Essi,Agloval,Undirected,9,2
Agloval,Little,Undirected,3,2
Essi,Yennefer,Undirected,1,2
Duke,Zelest,Undirected,1,2
Dandelion,Braenn,Undirected,2,2
Sword,Braenn,Undirected,1,2
Braenn,Geralt,Undirected,18,2
Geralt,Freixenet,Undirected,15,2
Freixenet,Geralt,Undirected,12,2
Geralt,Eithné,Undirected,13,2
Eithné,Geralt,Undirected,18,2
Geralt,Braenn,Undirected,17,2
Braenn,Ciri,Undirected,10,2
Geralt,Ciri,Undirected,35,2
Ciri,Braenn,Undirected,13,2
Ciri,Sir,Undirected,2,2
Braenn,Sir,Undirected,2,2
Sir,Freixenet,Undirected,2,2
Braenn,Eithné,Undirected,7,2
Eithné,Braenn,Undirected,7,2
Ciri,Geralt,Undirected,18,2
Eithné,Ciri,Undirected,10,2
Ciri,Eithné,Undirected,9,2
Geralt,Aen,Undirected,1,2
Aen,Braenn,Undirected,2,2
Aen,Geralt,Undirected,1,2
Ciri,Freixenet,Undirected,6,2
Braenn,Freixenet,Undirected,1,2
Freixenet,Ciri,Undirected,7,2
Eithné,Venzlav,Undirected,2,2
Geralt,Venzlav,Undirected,6,2
Venzlav,Eithné,Undirected,1,2
Venzlav,Freixenet,Undirected,4,2
Eithné,Freixenet,Undirected,1,2
Freixenet,Eithné,Undirected,1,2
Venzlav,Geralt,Undirected,2,2
Freixenet,Braenn,Undirected,1,2
Yennefer,Eithné,Undirected,1,2
Eithné,Calanthe,Undirected,1,2
Geralt,Calanthe,Undirected,21,2
Calanthe,Eithné,Undirected,2,2
Ciri,Pavetta,Undirected,2,2
Pavetta,Ciri,Undirected,2,2
Two,Ciri,Undirected,1,2
Ciri,Guy,Undirected,1,2
Braenn,Mousesack,Undirected,1,2
Calanthe,Ciri,Undirected,1,2
Calanthe,Mousesack,Undirected,4,2
Ciri,Mousesack,Undirected,2,2
Mousesack,Ciri,Undirected,3,2
Geralt,Mousesack,Undirected,12,2
Mousesack,Geralt,Undirected,8,2
Yurga,King,Undirected,3,2
King,Yurga,Undirected,2,2
Yurga,Sir,Undirected,1,2
Sir,Yurga,Undirected,2,2
Yurga,Yennefer,Undirected,1,2
Yennefer,Yurga,Undirected,1,2
Geralt,King,Undirected,1,2
King,Geralt,Undirected,3,2
Geralt,Yurga,Undirected,27,2
Yurga,Mousesack,Undirected,1,2
Mousesack,Calanthe,Undirected,5,2
Calanthe,Geralt,Undirected,22,2
Calanthe,Pavetta,Undirected,6,2
Geralt,Pavetta,Undirected,4,2
Pavetta,Calanthe,Undirected,8,2
Pavetta,Geralt,Undirected,8,2
Yurga,Visenna,Undirected,2,2
Visenna,Geralt,Undirected,17,2
Geralt,Visenna,Undirected,10,2
Visenna,Yurga,Undirected,2,2
Yurga,Geralt,Undirected,21,2
Geralt,Triss,Undirected,1,2
Yurga,Triss,Undirected,1,2
Triss,Geralt,Undirected,2,2
Geralt,Roach,Undirected,2,2
Yurga,Roach,Undirected,1,2
Roach,Yurga,Undirected,2,2
Roach,Dandelion,Undirected,3,2
Roach,Geralt,Undirected,2,2
Dandelion,Calanthe,Undirected,4,2
Calanthe,Dandelion,Undirected,1,2
Ciri,Dandelion,Undirected,1,2
Yurga,Ciri,Undirected,5,2
Ciri,Yurga,Undirected,2,2
Ciri,Geralt,Undirected,58,3
Geralt,Ciri,Undirected,48,3
Baron,Dandelion,Undirected,3,3
Dandelion,Geralt,Undirected,13,3
Dandelion,Yennefer,Undirected,11,3
Geralt,Yennefer,Undirected,19,3
Geralt,Dandelion,Undirected,16,3
Yennefer,Dandelion,Undirected,8,3
Yennefer,Geralt,Undirected,20,3
Dandelion,Baron,Undirected,2,3
Geralt,Baron,Undirected,1,3
Dandelion,Sheldon,Undirected,2,3
Dandelion,Donimir,Undirected,1,3
Sheldon,Donimir,Undirected,2,3
Donimir,Sheldon,Undirected,1,3
Donimir,Two,Undirected,1,3
Two,Dandelion,Undirected,3,3
Calanthe,Dandelion,Undirected,1,3
Dandelion,Calanthe,Undirected,2,3
Sheldon,Baron,Undirected,1,3
Sheldon,Dandelion,Undirected,2,3
Baron,Sheldon,Undirected,1,3
Little,Dandelion,Undirected,1,3
Dandelion,Rience,Undirected,19,3
Rience,Dandelion,Undirected,29,3
Ciri,Dandelion,Undirected,4,3
Rience,Ciri,Undirected,1,3
Dandelion,Ciri,Undirected,2,3
Ciri,Rience,Undirected,1,3
Rience,Geralt,Undirected,20,3
Dandelion,Sir,Undirected,1,3
Sir,Rience,Undirected,1,3
Sir,Dandelion,Undirected,1,3
Rience,Yennefer,Undirected,5,3
King,Dandelion,Undirected,4,3
Yennefer,Calanthe,Undirected,2,3
Geralt,Calanthe,Undirected,1,3
Calanthe,Geralt,Undirected,3,3
Calanthe,Rience,Undirected,1,3
Geralt,Rience,Undirected,10,3
Yennefer,Rience,Undirected,1,3
Ciri,Yennefer,Undirected,68,3
Ciri,Roach,Undirected,2,3
Eskel,Ciri,Undirected,5,3
Ciri,Eskel,Undirected,5,3
Eskel,Roach,Undirected,2,3
Roach,Ciri,Undirected,1,3
Roach,Eskel,Undirected,1,3
Ciri,Lambert,Undirected,14,3
Lambert,Ciri,Undirected,14,3
Ciri,Vesemir,Undirected,11,3
Vesemir,Geralt,Undirected,9,3
Triss,Ciri,Undirected,64,3
Ciri,Triss,Undirected,68,3
Geralt,Triss,Undirected,44,3
Triss,Geralt,Undirected,34,3
Triss,Lambert,Undirected,6,3
Lambert,Vesemir,Undirected,4,3
Vesemir,Ciri,Undirected,15,3
Lambert,Triss,Undirected,8,3
Triss,Vesemir,Undirected,14,3
Vesemir,Triss,Undirected,9,3
Vesemir,Lambert,Undirected,4,3
Lambert,Geralt,Undirected,6,3
Triss,Yennefer,Undirected,8,3
Yennefer,Triss,Undirected,3,3
Ciri,Two,Undirected,3,3
Ciri,Calanthe,Undirected,5,3
Vesemir,Eskel,Undirected,1,3
Eskel,Triss,Undirected,4,3
Triss,Eskel,Undirected,4,3
Eskel,Vesemir,Undirected,2,3
Eskel,Geralt,Undirected,2,3
Geralt,Vesemir,Undirected,5,3
Nenneke,Ciri,Undirected,16,3
Ciri,Vanielle,Undirected,1,3
Triss,Vanielle,Undirected,1,3
Vanielle,Ciri,Undirected,1,3
Yennefer,Ciri,Undirected,56,3
Geralt,Ori,Undirected,1,3
Ciri,Ori,Undirected,1,3
Ori,Ciri,Undirected,1,3
Beau,Ciri,Undirected,1,3
Eskel,Lambert,Undirected,1,3
Geralt,Eskel,Undirected,1,3
Calanthe,Ciri,Undirected,2,3
Yennefer,Vanielle,Undirected,1,3
Vanielle,Yennefer,Undirected,1,3
Vanielle,Geralt,Undirected,1,3
Two,Ciri,Undirected,1,3
Two,Triss,Undirected,1,3
Triss,Forest,Undirected,1,3
Forest,Geralt,Undirected,1,3
Geralt,Yarpen,Undirected,8,3
Yarpen,Geralt,Undirected,14,3
Triss,Yarpen,Undirected,7,3
Yarpen,Ciri,Undirected,12,3
Ciri,Yarpen,Undirected,24,3
Triss,King,Undirected,1,3
Ciri,King,Undirected,2,3
King,Geralt,Undirected,3,3
Xavier,Yarpen,Undirected,1,3
Xavier,Regan,Undirected,1,3
Yarpen,Regan,Undirected,1,3
Yannick,Yarpen,Undirected,1,3
Paulie,Xavier,Undirected,1,3
Xavier,Paulie,Undirected,1,3
Paulie,Yannick,Undirected,1,3
Yannick,Ciri,Undirected,1,3
Yennefer,Yarpen,Undirected,1,3
Regan,Yarpen,Undirected,1,3
Yarpen,Triss,Undirected,3,3
King,Yarpen,Undirected,2,3
Yannick,Paulie,Undirected,1,3
Paulie,Yarpen,Undirected,3,3
Paulie,Triss,Undirected,1,3
King,Henselt,Undirected,2,3
King,Ciri,Undirected,1,3
Henselt,Ciri,Undirected,1,3
Ciri,Aelirenn,Undirected,5,3
Aelirenn,Ciri,Undirected,2,3
Aelirenn,Yarpen,Undirected,1,3
Yarpen,Aelirenn,Undirected,1,3
Ciri,Yannick,Undirected,2,3
Yarpen,Yannick,Undirected,1,3
Ciri,Regan,Undirected,2,3
Regan,Ciri,Undirected,2,3
Ciri,Paulie,Undirected,5,3
Paulie,Ciri,Undirected,3,3
Ciri,Sword,Undirected,1,3
Paulie,Sword,Undirected,1,3
Sword,Paulie,Undirected,2,3
Yannick,Regan,Undirected,1,3
Everett,Geralt,Undirected,11,3
Everett,Ciri,Undirected,1,3
Ciri,Iola,Undirected,6,3
Nenneke,Geralt,Undirected,4,3
Nenneke,Beau,Undirected,1,3
Geralt,Beau,Undirected,1,3
Geralt,Nenneke,Undirected,4,3
Beau,Nenneke,Undirected,1,3
Beau,Geralt,Undirected,1,3
Beau,Iola,Undirected,1,3
Nenneke,Iola,Undirected,2,3
Geralt,Iola,Undirected,2,3
Ciri,Nenneke,Undirected,12,3
Geralt,Everett,Undirected,6,3
Everett,Foltest,Undirected,1,3
Geralt,Foltest,Undirected,1,3
Geralt,King,Undirected,3,3
Everett,Dandelion,Undirected,1,3
Dandelion,Two,Undirected,3,3
Dandelion,Shani,Undirected,9,3
Shani,Dandelion,Undirected,8,3
Shani,Two,Undirected,1,3
Dandelion,King,Undirected,3,3
Dandelion,Ori,Undirected,2,3
Ori,Philippa,Undirected,2,3
Rience,Philippa,Undirected,6,3
Philippa,Dandelion,Undirected,8,3
Dandelion,Philippa,Undirected,15,3
Philippa,Ori,Undirected,1,3
Philippa,Rience,Undirected,7,3
Ori,Rience,Undirected,3,3
Philippa,Geralt,Undirected,9,3
Geralt,Philippa,Undirected,10,3
Rience,King,Undirected,1,3
King,Philippa,Undirected,1,3
Philippa,Yennefer,Undirected,1,3
Yennefer,Philippa,Undirected,6,3
Ori,Dandelion,Undirected,2,3
Geralt,Shani,Undirected,7,3
Shani,Geralt,Undirected,4,3
Yennefer,Shani,Undirected,1,3
Shani,Philippa,Undirected,3,3
King,Foltest,Undirected,1,3
Foltest,Meve,Undirected,1,3
Meve,Henselt,Undirected,4,3
Henselt,Ethain,Undirected,1,3
Henselt,Crach,Undirected,1,3
Ethain,Crach,Undirected,1,3
Ethain,Henselt,Undirected,1,3
Crach,Henselt,Undirected,1,3
Crach,Emhyr,Undirected,1,3
Henselt,Emhyr,Undirected,1,3
Henselt,Foltest,Undirected,1,3
Ithlinne,Emhyr,Undirected,2,3
Emhyr,Foltest,Undirected,1,3
Henselt,Meve,Undirected,2,3
Calanthe,Crach,Undirected,3,3
Crach,Foltest,Undirected,1,3
Foltest,Henselt,Undirected,1,3
Vilgefortz,Emhyr,Undirected,1,3
Vilgefortz,Vissegerd,Undirected,1,3
Emhyr,Vissegerd,Undirected,1,3
Vissegerd,Foltest,Undirected,3,3
Vissegerd,Calanthe,Undirected,3,3
Foltest,Vissegerd,Undirected,4,3
Foltest,Calanthe,Undirected,2,3
Calanthe,Foltest,Undirected,3,3
Calanthe,Vissegerd,Undirected,1,3
Calanthe,Meve,Undirected,2,3
Vissegerd,Meve,Undirected,2,3
Ekkehard,Venzlav,Undirected,1,3
Venzlav,Foltest,Undirected,1,3
King,Meve,Undirected,2,3
King,Calanthe,Undirected,1,3
Meve,Calanthe,Undirected,1,3
Meve,Pavetta,Undirected,1,3
Meve,Foltest,Undirected,1,3
Calanthe,Pavetta,Undirected,1,3
Pavetta,Foltest,Undirected,2,3
Foltest,Rience,Undirected,1,3
Vissegerd,Rience,Undirected,1,3
Rience,Calanthe,Undirected,1,3
Rience,Foltest,Undirected,1,3
Calanthe,Emhyr,Undirected,2,3
Henselt,Vissegerd,Undirected,1,3
Meve,Vissegerd,Undirected,1,3
Foltest,Emhyr,Undirected,1,3
Vissegerd,Emhyr,Undirected,1,3
Emhyr,Meve,Undirected,1,3
Rience,Windhalm,Undirected,1,3
Philippa,Shani,Undirected,1,3
Nenneke,Yennefer,Undirected,13,3
Two,Rience,Undirected,1,3
Shani,Little,Undirected,1,3
Shani,Rience,Undirected,1,3
Little,Rience,Undirected,2,3
Artaud,Tissaia,Undirected,5,3
Artaud,Vilgefortz,Undirected,4,3
Tissaia,Vilgefortz,Undirected,7,3
Vilgefortz,Tissaia,Undirected,6,3
Tissaia,Lydia,Undirected,7,3
Lydia,Tissaia,Undirected,6,3
Lydia,Artaud,Undirected,4,3
Tissaia,Artaud,Undirected,3,3
Tissaia,Two,Undirected,1,3
Artaud,Lydia,Undirected,5,3
Artaud,Two,Undirected,1,3
Lydia,Two,Undirected,1,3
Two,Lydia,Undirected,2,3
Two,Tissaia,Undirected,1,3
Two,Artaud,Undirected,1,3
Vilgefortz,Lydia,Undirected,4,3
Lydia,Vilgefortz,Undirected,4,3
Vilgefortz,Artaud,Undirected,3,3
Aen,Tissaia,Undirected,1,3
Aen,Vilgefortz,Undirected,1,3
Aen,Yennefer,Undirected,1,3
Tissaia,Yennefer,Undirected,3,3
Vilgefortz,Yennefer,Undirected,2,3
Yennefer,Vilgefortz,Undirected,1,3
Yennefer,Lydia,Undirected,1,3
Yennefer,Artaud,Undirected,1,3
Tissaia,Geralt,Undirected,1,3
Rience,Sword,Undirected,1,3
Sword,Geralt,Undirected,1,3
Triss,Philippa,Undirected,4,3
Philippa,Ciri,Undirected,4,3
Ciri,Shani,Undirected,2,3
Tissaia,Iola,Undirected,1,3
Iola,Ciri,Undirected,8,3
Iola,Yennefer,Undirected,3,3
Yennefer,Iola,Undirected,1,3
Jarre,Ciri,Undirected,16,3
Ciri,Jarre,Undirected,8,3
Jarre,Yennefer,Undirected,7,3
Jarre,Nenneke,Undirected,1,3
Yennefer,Nenneke,Undirected,12,3
Yennefer,Jarre,Undirected,7,3
Jarre,Forest,Undirected,1,3
Jarre,King,Undirected,1,3
Jarre,Geralt,Undirected,1,3
Iola,Nenneke,Undirected,2,3
Ciri,Jan,Undirected,1,3
Dandelion,Essi,Undirected,1,3
Dandelion,Blue,Undirected,1,3
Essi,Blue,Undirected,1,3
Essi,Yennefer,Undirected,1,3
Blue,Yennefer,Undirected,1,3
Blue,Ciri,Undirected,1,3
Geralt,Forest,Undirected,2,3
Forest,Ciri,Undirected,1,3
Crach,Calanthe,Undirected,5,3
Crach,Ciri,Undirected,2,3
Calanthe,Eist,Undirected,1,3
Ciri,Eist,Undirected,1,3
Ciri,Crach,Undirected,2,3
Eist,Crach,Undirected,2,3
Pavetta,Ciri,Undirected,2,3
Yennefer,Ithlinne,Undirected,1,3
Yennefer,Sword,Undirected,1,3
Nenneke,Ithlinne,Undirected,1,3
Nenneke,Sword,Undirected,1,3
Ithlinne,Sword,Undirected,1,3
Ithlinne,Yennefer,Undirected,1,3
Ithlinne,Ciri,Undirected,1,3
Sword,Yennefer,Undirected,1,3
Sword,Ciri,Undirected,1,3
Aplegatt,King,Undirected,1,4
King,Aplegatt,Undirected,2,4
Aplegatt,Meve,Undirected,1,4
Aplegatt,Demavend,Undirected,2,4
Aplegatt,Emhyr,Undirected,1,4
Meve,Demavend,Undirected,1,4
Meve,Emhyr,Undirected,1,4
Demavend,Emhyr,Undirected,1,4
Emhyr,Vissegerd,Undirected,1,4
Vissegerd,Forest,Undirected,1,4
Aplegatt,Ciri,Undirected,2,4
Ciri,Aplegatt,Undirected,2,4
Aplegatt,Yennefer,Undirected,1,4
Ciri,Yennefer,Undirected,31,4
Yennefer,Aplegatt,Undirected,1,4
Aplegatt,Foltest,Undirected,1,4
Foltest,Demavend,Undirected,2,4
Codringher,Geralt,Undirected,9,4
Geralt,Codringher,Undirected,12,4
Codringher,Dandelion,Undirected,3,4
Rience,Calanthe,Undirected,1,4
Rience,Codringher,Undirected,8,4
Codringher,Rience,Undirected,10,4
Rience,Geralt,Undirected,4,4
Geralt,Rience,Undirected,6,4
Rience,Yennefer,Undirected,2,4
Yennefer,Codringher,Undirected,2,4
Yennefer,Rience,Undirected,2,4
Codringher,Emhyr,Undirected,1,4
Codringher,Philippa,Undirected,1,4
Emhyr,Philippa,Undirected,2,4
Emhyr,Sabrina,Undirected,1,4
Emhyr,Henselt,Undirected,2,4
Philippa,Sabrina,Undirected,4,4
Philippa,Henselt,Undirected,1,4
Sabrina,Henselt,Undirected,3,4
Sabrina,Rience,Undirected,1,4
Henselt,Rience,Undirected,1,4
Codringher,Foltest,Undirected,1,4
Codringher,Ciri,Undirected,2,4
Foltest,Ciri,Undirected,1,4
Foltest,Codringher,Undirected,1,4
Ciri,Codringher,Undirected,1,4
Ciri,Geralt,Undirected,7,4
Rience,King,Undirected,1,4
Codringher,King,Undirected,1,4
Codringher,Calanthe,Undirected,3,4
King,Calanthe,Undirected,1,4
Geralt,King,Undirected,1,4
King,Rience,Undirected,1,4
Calanthe,Roegner,Undirected,5,4
Roegner,Pavetta,Undirected,4,4
Pavetta,Geralt,Undirected,1,4
Geralt,Roegner,Undirected,2,4
Codringher,Roegner,Undirected,1,4
Roegner,Calanthe,Undirected,1,4
Roegner,Ciri,Undirected,1,4
Ciri,Calanthe,Undirected,1,4
Geralt,Calanthe,Undirected,1,4
Geralt,Pavetta,Undirected,2,4
Calanthe,Pavetta,Undirected,5,4
Pavetta,Calanthe,Undirected,3,4
Pavetta,Eist,Undirected,1,4
Eist,Calanthe,Undirected,1,4
Calanthe,Codringher,Undirected,1,4
Pavetta,Codringher,Undirected,1,4
Emhyr,King,Undirected,1,4
Akerspaark,Emhyr,Undirected,1,4
Akerspaark,Horm,Undirected,1,4
Horm,Codringher,Undirected,1,4
Horm,Akerspaark,Undirected,1,4
Codringher,Akerspaark,Undirected,1,4
Akerspaark,Geralt,Undirected,1,4
Geralt,Akerspaark,Undirected,1,4
Geralt,Ciri,Undirected,9,4
Akerspaark,Pavetta,Undirected,1,4
Akerspaark,Ciri,Undirected,1,4
Pavetta,Ciri,Undirected,1,4
Ithlinne,Aen,Undirected,1,4
Ithlinne,Codringher,Undirected,1,4
Ithlinne,Geralt,Undirected,1,4
Aen,Codringher,Undirected,1,4
Aen,Geralt,Undirected,1,4
Yennefer,Gar,Undirected,2,4
Geralt,Yennefer,Undirected,23,4
Little,Aplegatt,Undirected,1,4
Demavend,Aplegatt,Undirected,2,4
Aplegatt,Gar,Undirected,1,4
Gar,Toruviel,Undirected,1,4
Gar,Yaevinn,Undirected,1,4
Toruviel,Yaevinn,Undirected,1,4
Yaevinn,Toruviel,Undirected,2,4
Toruviel,Aplegatt,Undirected,1,4
Dandelion,Two,Undirected,1,4
Yennefer,Ciri,Undirected,26,4
Ciri,Yarpen,Undirected,3,4
Yarpen,Yennefer,Undirected,2,4
Yennefer,Jarre,Undirected,1,4
Ciri,Jarre,Undirected,3,4
Jarre,Molnar,Undirected,1,4
Molnar,Ciri,Undirected,5,4
Ciri,Molnar,Undirected,4,4
Molnar,Yennefer,Undirected,2,4
Yennefer,Molnar,Undirected,5,4
Yennefer,Emhyr,Undirected,1,4
Foltest,Molnar,Undirected,1,4
Yennefer,Fifteen,Undirected,1,4
Molnar,Little,Undirected,1,4
Little,Yennefer,Undirected,1,4
Little,Molnar,Undirected,1,4
Fabio,Ciri,Undirected,18,4
Ciri,Fabio,Undirected,21,4
Fabio,Yennefer,Undirected,2,4
Fabio,Molnar,Undirected,1,4
Yennefer,Fabio,Undirected,2,4
Molnar,Fabio,Undirected,1,4
Fabio,Gar,Undirected,1,4
Count,Ciri,Undirected,1,4
Ciri,Nenneke,Undirected,2,4
Fabio,Nenneke,Undirected,1,4
Nenneke,Gar,Undirected,1,4
Gar,Ciri,Undirected,6,4
Two,Ciri,Undirected,3,4
Two,Fabio,Undirected,1,4
Jarre,Yennefer,Undirected,1,4
Ciri,Tissaia,Undirected,3,4
Ciri,Anna,Undirected,1,4
Anna,Ciri,Undirected,1,4
Anna,Yennefer,Undirected,1,4
Yennefer,Margarita,Undirected,2,4
Tissaia,Margarita,Undirected,2,4
Tissaia,Yennefer,Undirected,5,4
Tissaia,Ciri,Undirected,2,4
Margarita,Yennefer,Undirected,2,4
Falka,Rayla,Undirected,2,4
Rayla,Ciri,Undirected,1,4
Yennefer,Rayla,Undirected,1,4
Ciri,Rayla,Undirected,3,4
Margarita,Tissaia,Undirected,2,4
Ciri,Margarita,Undirected,1,4
Tissaia,Geralt,Undirected,4,4
Yennefer,Geralt,Undirected,19,4
Ciri,Gar,Undirected,2,4
Ciri,Yaevinn,Undirected,2,4
Ciri,King,Undirected,1,4
Ciri,Bran,Undirected,2,4
King,Ciri,Undirected,2,4
King,Bran,Undirected,1,4
Bran,Ciri,Undirected,1,4
Dandelion,Falka,Undirected,1,4
Count,Dandelion,Undirected,1,4
Dandelion,Yennefer,Undirected,1,4
Yennefer,Dandelion,Undirected,5,4
Dandelion,Ciri,Undirected,4,4
Ciri,Dandelion,Undirected,7,4
Geralt,Dandelion,Undirected,11,4
Sabrina,Geralt,Undirected,3,4
Yennefer,Sabrina,Undirected,3,4
Geralt,Sabrina,Undirected,3,4
Henselt,Sabrina,Undirected,1,4
Geralt,Philippa,Undirected,3,4
Yennefer,Philippa,Undirected,4,4
Sabrina,Yennefer,Undirected,2,4
Yennefer,Henselt,Undirected,1,4
Henselt,Yennefer,Undirected,1,4
Philippa,Triss,Undirected,4,4
Triss,Philippa,Undirected,2,4
Triss,Yennefer,Undirected,4,4
Philippa,Yennefer,Undirected,4,4
Yennefer,Triss,Undirected,6,4
Triss,Geralt,Undirected,3,4
Geralt,Triss,Undirected,4,4
Geralt,Esterad,Undirected,1,4
Triss,Esterad,Undirected,2,4
Geralt,Vilgefortz,Undirected,12,4
Geralt,Francesca,Undirected,1,4
Vilgefortz,Francesca,Undirected,3,4
Vilgefortz,Carduin,Undirected,2,4
Carduin,Philippa,Undirected,2,4
Philippa,Geralt,Undirected,3,4
Geralt,Count,Undirected,1,4
Two,King,Undirected,1,4
Francesca,Sabrina,Undirected,1,4
Marti,Sabrina,Undirected,2,4
Sabrina,Marti,Undirected,2,4
Marti,Geralt,Undirected,2,4
Geralt,Dorregaray,Undirected,5,4
Yennefer,Dorregaray,Undirected,1,4
Dorregaray,Geralt,Undirected,3,4
Sabrina,Dorregaray,Undirected,1,4
Philippa,Dorregaray,Undirected,1,4
Dorregaray,Sabrina,Undirected,1,4
Sabrina,Ethain,Undirected,1,4
Ethain,Sabrina,Undirected,1,4
Ethain,Henselt,Undirected,1,4
Henselt,Marti,Undirected,1,4
Yennefer,Keira,Undirected,2,4
Keira,Sabrina,Undirected,1,4
Sabrina,Keira,Undirected,1,4
Keira,Marti,Undirected,2,4
Keira,Philippa,Undirected,1,4
Marti,Philippa,Undirected,2,4
Philippa,Keira,Undirected,3,4
Philippa,Marti,Undirected,2,4
Yennefer,Vilgefortz,Undirected,5,4
Yennefer,Artaud,Undirected,1,4
Yennefer,Francesca,Undirected,2,4
Yennefer,Tissaia,Undirected,5,4
Artaud,Yennefer,Undirected,1,4
Artaud,Francesca,Undirected,1,4
Artaud,Tissaia,Undirected,2,4
Francesca,Tissaia,Undirected,2,4
Tissaia,Vilgefortz,Undirected,8,4
Vilgefortz,Geralt,Undirected,10,4
Vilgefortz,Yennefer,Undirected,4,4
Vilgefortz,Tissaia,Undirected,1,4
Lydia,Vilgefortz,Undirected,4,4
Geralt,Lydia,Undirected,4,4
Beau,Vilgefortz,Undirected,1,4
Leticia,Tissaia,Undirected,1,4
Leticia,Lydia,Undirected,1,4
Tissaia,Lydia,Undirected,3,4
Lydia,Geralt,Undirected,3,4
Lydia,Falka,Undirected,1,4
Geralt,Falka,Undirected,3,4
Aen,Lydia,Undirected,1,4
Lydia,Ciri,Undirected,1,4
Ciri,Lydia,Undirected,1,4
Geralt,Gar,Undirected,3,4
Yennefer,Lydia,Undirected,1,4
Vilgefortz,Ciri,Undirected,1,4
Vilgefortz,Codringher,Undirected,2,4
Ciri,Triss,Undirected,1,4
Falka,Pavetta,Undirected,2,4
Falka,Ithlinne,Undirected,2,4
Pavetta,Falka,Undirected,1,4
Pavetta,Ithlinne,Undirected,1,4
Ithlinne,Falka,Undirected,1,4
Falka,Codringher,Undirected,1,4
Codringher,Falka,Undirected,1,4
Falka,Geralt,Undirected,1,4
Rience,Emhyr,Undirected,1,4
Artaud,Keira,Undirected,1,4
Artaud,Geralt,Undirected,1,4
Keira,Geralt,Undirected,5,4
Geralt,Keira,Undirected,3,4
Keira,Yennefer,Undirected,3,4
Lydia,Sabrina,Undirected,1,4
Sabrina,Triss,Undirected,1,4
Sabrina,Lydia,Undirected,1,4
Triss,Lydia,Undirected,2,4
Triss,Vilgefortz,Undirected,2,4
Gar,Philippa,Undirected,2,4
Gar,Marti,Undirected,1,4
Lydia,Tissaia,Undirected,1,4
Geralt,Tissaia,Undirected,2,4
Geralt,Artaud,Undirected,1,4
Tissaia,Artaud,Undirected,1,4
Tissaia,Philippa,Undirected,6,4
Lydia,Artaud,Undirected,1,4
Lydia,Philippa,Undirected,3,4
Artaud,Philippa,Undirected,2,4
Philippa,Tissaia,Undirected,3,4
Triss,Keira,Undirected,1,4
Triss,Tissaia,Undirected,1,4
Keira,Tissaia,Undirected,2,4
Tissaia,Francesca,Undirected,3,4
Keira,Gar,Undirected,4,4
Sigismund,Voymir,Undirected,1,4
Philippa,King,Undirected,3,4
Dorregaray,Marti,Undirected,1,4
Dorregaray,Carduin,Undirected,2,4
Marti,Carduin,Undirected,2,4
Marti,Gar,Undirected,1,4
Carduin,Gar,Undirected,3,4
Gar,Carduin,Undirected,1,4
Philippa,Carduin,Undirected,1,4
Carduin,Tissaia,Undirected,1,4
Gar,Tissaia,Undirected,1,4
Gar,Francesca,Undirected,1,4
Francesca,Vilgefortz,Undirected,1,4
Francesca,Marti,Undirected,1,4
Francesca,Dorregaray,Undirected,1,4
Vilgefortz,Marti,Undirected,1,4
Vilgefortz,Dorregaray,Undirected,1,4
Marti,Dorregaray,Undirected,1,4
Gar,Yennefer,Undirected,3,4
Gar,Keira,Undirected,1,4
Keira,Vilgefortz,Undirected,1,4
Philippa,Demavend,Undirected,2,4
Sabrina,Demavend,Undirected,1,4
Sabrina,Tissaia,Undirected,1,4
Demavend,Tissaia,Undirected,1,4
Demavend,Philippa,Undirected,1,4
Tissaia,Demavend,Undirected,1,4
Esterad,Carduin,Undirected,1,4
Esterad,Sabrina,Undirected,1,4
Carduin,Sabrina,Undirected,1,4
Sabrina,Emhyr,Undirected,1,4
Emhyr,Vilgefortz,Undirected,4,4
Vilgefortz,Emhyr,Undirected,5,4
Francesca,Emhyr,Undirected,1,4
Francesca,Philippa,Undirected,1,4
Philippa,Lydia,Undirected,2,4
Emhyr,Tissaia,Undirected,1,4
Sabrina,Foltest,Undirected,1,4
Sabrina,Philippa,Undirected,1,4
Foltest,Philippa,Undirected,1,4
Foltest,King,Undirected,2,4
King,Tissaia,Undirected,2,4
King,Philippa,Undirected,1,4
Rience,Vilgefortz,Undirected,1,4
Margarita,Ciri,Undirected,1,4
Ciri,Emhyr,Undirected,2,4
Emhyr,Ciri,Undirected,2,4
Ciri,Vilgefortz,Undirected,4,4
Gar,Vilgefortz,Undirected,1,4
Emhyr,Geralt,Undirected,1,4
Artaud,Emhyr,Undirected,1,4
Artaud,Vilgefortz,Undirected,1,4
Emhyr,Codringher,Undirected,1,4
Gar,Triss,Undirected,1,4
Triss,King,Undirected,1,4
Tissaia,Triss,Undirected,1,4
Emhyr,Morvran,Undirected,1,4
Emhyr,Jan,Undirected,1,4
Morvran,Jan,Undirected,1,4
Dandelion,Venzlav,Undirected,1,4
Dandelion,Geralt,Undirected,8,4
Gar,Geralt,Undirected,1,4
Dandelion,Triss,Undirected,2,4
Triss,Venzlav,Undirected,1,4
Venzlav,Geralt,Undirected,1,4
Venzlav,Dandelion,Undirected,1,4
Geralt,Fauve,Undirected,1,4
Fauve,Dandelion,Undirected,2,4
Emhyr,Two,Undirected,1,4
King,Demavend,Undirected,1,4
Bronibor,Foltest,Undirected,1,4
Bronibor,Emhyr,Undirected,1,4
Foltest,Emhyr,Undirected,3,4
Demavend,Hereward,Undirected,2,4
Hereward,Emhyr,Undirected,1,4
King,Emhyr,Undirected,1,4
Ciri,Henselt,Undirected,1,4
Henselt,Foltest,Undirected,1,4
Henselt,Demavend,Undirected,1,4
Demavend,Dandelion,Undirected,1,4
Dandelion,Menno,Undirected,1,4
Menno,Geralt,Undirected,1,4
Esterad,Vilgefortz,Undirected,2,4
Esterad,Emhyr,Undirected,2,4
Vilgefortz,Dandelion,Undirected,2,4
Emhyr,Dandelion,Undirected,1,4
Filavandrel,Henselt,Undirected,2,4
Emhyr,Filavandrel,Undirected,3,4
Emhyr,Foltest,Undirected,1,4
Filavandrel,Foltest,Undirected,1,4
Foltest,Henselt,Undirected,1,4
Henselt,Emhyr,Undirected,1,4
Emhyr,Aen,Undirected,1,4
Dandelion,Gar,Undirected,1,4
Dandelion,Fauve,Undirected,1,4
Gar,Fauve,Undirected,1,4
Gar,Dandelion,Undirected,1,4
Ardal,Emhyr,Undirected,1,4
Count,Emhyr,Undirected,1,4
Vattier,Emhyr,Undirected,1,4
Vattier,Stefan,Undirected,1,4
Emhyr,Stefan,Undirected,2,4
Emhyr,Xarthisius,Undirected,1,4
Xarthisius,Emhyr,Undirected,1,4
Emhyr,Vattier,Undirected,1,4
Vattier,Ceallach,Undirected,1,4
Xarthisius,Vilgefortz,Undirected,1,4
Cahir,Emhyr,Undirected,1,4
Emhyr,Cahir,Undirected,1,4
Cahir,Ceallach,Undirected,1,4
Cahir,Vattier,Undirected,1,4
Ceallach,Vattier,Undirected,1,4
Vattier,Adda,Undirected,1,4
Adda,Ciri,Undirected,1,4
Jarre,Geralt,Undirected,1,4
Ciri,Seven,Undirected,1,4
Ciri,Little,Undirected,10,4
Little,Ciri,Undirected,7,4
Aen,Ciri,Undirected,2,4
Calanthe,Paulie,Undirected,1,4
Calanthe,Vilgefortz,Undirected,1,4
Paulie,Vilgefortz,Undirected,1,4
Vilgefortz,Triss,Undirected,1,4
Little,Falka,Undirected,1,4
Blue,Ciri,Undirected,6,4
Ciri,Blue,Undirected,6,4
Ciri,Two,Undirected,3,4
Blue,Two,Undirected,11,4
Two,Blue,Undirected,6,4
Blue,Sir,Undirected,1,4
Ciri,Sir,Undirected,1,4
Sir,Blue,Undirected,1,4
Ciri,Kayleigh,Undirected,14,4
Kayleigh,Baron,Undirected,4,4
Baron,Ciri,Undirected,2,4
Baron,Kayleigh,Undirected,1,4
Kayleigh,Ciri,Undirected,14,4
Kayleigh,Iskra,Undirected,2,4
Iskra,Ciri,Undirected,11,4
Ciri,Mistle,Undirected,12,4
Mistle,Little,Undirected,1,4
Ciri,Iskra,Undirected,2,4
Iskra,Kayleigh,Undirected,6,4
Kayleigh,Mistle,Undirected,6,4
Mistle,Ciri,Undirected,7,4
Mistle,Iskra,Undirected,4,4
Mistle,Kayleigh,Undirected,3,4
Falka,Ciri,Undirected,2,4
Ciri,Falka,Undirected,3,4
Mistle,Falka,Undirected,1,4
Falka,Mistle,Undirected,1,4
Kayleigh,Emhyr,Undirected,1,4
Emhyr,Kayleigh,Undirected,1,4
Aen,Mistle,Undirected,1,4
Aen,Rudiger,Undirected,1,4
Mistle,Rudiger,Undirected,1,4
Rudiger,Mistle,Undirected,1,4
Mistle,Asse,Undirected,2,4
Kayleigh,Asse,Undirected,1,4
Milva,Forest,Undirected,1,5
Forest,Milva,Undirected,1,5
Maria,Milva,Undirected,6,5
Codringher,Milva,Undirected,2,5
Milva,Geralt,Undirected,51,5
Milva,Maria,Undirected,4,5
Geralt,Maria,Undirected,1,5
Milva,Ori,Undirected,7,5
Ori,Philippa,Undirected,4,5
Philippa,Ori,Undirected,2,5
Ori,Triss,Undirected,1,5
Philippa,Triss,Undirected,3,5
Yennefer,Artaud,Undirected,1,5
Artaud,Yennefer,Undirected,1,5
Artaud,Ori,Undirected,2,5
Yennefer,Ori,Undirected,2,5
Yennefer,Milva,Undirected,2,5
Ori,Milva,Undirected,8,5
Ori,Maria,Undirected,1,5
Emhyr,Milva,Undirected,2,5
Shilard,Francesca,Undirected,1,5
Ori,Stefan,Undirected,1,5
Philippa,Stefan,Undirected,1,5
Philippa,Emhyr,Undirected,3,5
Stefan,Emhyr,Undirected,1,5
Milva,Little,Undirected,1,5
Little,Aen,Undirected,1,5
Little,Milva,Undirected,1,5
Aen,Milva,Undirected,2,5
Milva,Toruviel,Undirected,3,5
Toruviel,Milva,Undirected,3,5
Margarita,Philippa,Undirected,3,5
Philippa,Keira,Undirected,2,5
Keira,Triss,Undirected,3,5
Keira,Philippa,Undirected,3,5
Triss,Philippa,Undirected,5,5
Philippa,Assire,Undirected,5,5
Assire,Philippa,Undirected,8,5
Philippa,Sabrina,Undirected,8,5
Sabrina,Sheala,Undirected,1,5
Sabrina,Francesca,Undirected,4,5
Sheala,Francesca,Undirected,4,5
Francesca,Philippa,Undirected,7,5
Philippa,Margarita,Undirected,2,5
Philippa,Francesca,Undirected,3,5
Margarita,Francesca,Undirected,1,5
Margarita,Assire,Undirected,2,5
Francesca,Assire,Undirected,4,5
Sabrina,Philippa,Undirected,5,5
Sabrina,Emhyr,Undirected,2,5
Francesca,Sabrina,Undirected,2,5
Philippa,Sheala,Undirected,1,5
Sheala,Philippa,Undirected,5,5
Assire,Sabrina,Undirected,2,5
Margarita,Sheala,Undirected,2,5
Francesca,King,Undirected,1,5
King,Francesca,Undirected,1,5
King,Assire,Undirected,1,5
King,Triss,Undirected,1,5
Francesca,Triss,Undirected,2,5
Francesca,Keira,Undirected,2,5
Assire,Triss,Undirected,2,5
Assire,Keira,Undirected,1,5
Triss,Keira,Undirected,1,5
Triss,Sabrina,Undirected,1,5
Keira,Sabrina,Undirected,1,5
Sabrina,Assire,Undirected,4,5
Francesca,Emhyr,Undirected,1,5
Assire,Emhyr,Undirected,2,5
Sabrina,Margarita,Undirected,1,5
Emhyr,Margarita,Undirected,1,5
Emhyr,Sheala,Undirected,1,5
Sheala,Assire,Undirected,1,5
Assire,Francesca,Undirected,6,5
Francesca,Sheala,Undirected,1,5
Two,Mistle,Undirected,1,5
Two,Falka,Undirected,1,5
Mistle,Falka,Undirected,3,5
Asse,Kayleigh,Undirected,1,5
Asse,Little,Undirected,1,5
Kayleigh,Little,Undirected,1,5
Falka,Little,Undirected,1,5
Dandelion,Geralt,Undirected,72,5
Geralt,Dandelion,Undirected,70,5
Dandelion,Roach,Undirected,3,5
Roach,Dandelion,Undirected,3,5
Dandelion,Riordain,Undirected,1,5
Aen,Dandelion,Undirected,2,5
Aen,Geralt,Undirected,1,5
Geralt,Milva,Undirected,45,5
Dandelion,Milva,Undirected,60,5
Milva,Dandelion,Undirected,61,5
Milva,Ciri,Undirected,15,5
Geralt,Ciri,Undirected,5,5
Dandelion,Ciri,Undirected,7,5
Ciri,Milva,Undirected,13,5
Milva,Emhyr,Undirected,1,5
Emhyr,Ciri,Undirected,3,5
Ciri,Geralt,Undirected,9,5
Ciri,Emhyr,Undirected,1,5
Geralt,Emhyr,Undirected,2,5
Geralt,Roach,Undirected,2,5
Milva,Roach,Undirected,4,5
Dandelion,Zoltan,Undirected,29,5
Milva,Zoltan,Undirected,34,5
Milva,Field,Undirected,3,5
Zoltan,Field,Undirected,8,5
Field,Percival,Undirected,3,5
Field,Zoltan,Undirected,5,5
Percival,Zoltan,Undirected,18,5
Geralt,Zoltan,Undirected,44,5
Zoltan,Milva,Undirected,27,5
Zoltan,Munro,Undirected,3,5
Zoltan,Figgis,Undirected,1,5
Munro,Figgis,Undirected,1,5
Munro,Zoltan,Undirected,3,5
Figgis,Zoltan,Undirected,1,5
Figgis,Geralt,Undirected,2,5
Figgis,Dandelion,Undirected,1,5
Zoltan,Geralt,Undirected,33,5
Zoltan,Dandelion,Undirected,27,5
Dandelion,Figgis,Undirected,2,5
Figgis,Milva,Undirected,3,5
Milva,Percival,Undirected,10,5
Percival,Geralt,Undirected,14,5
Munro,Geralt,Undirected,2,5
Geralt,Field,Undirected,6,5
Field,Milva,Undirected,3,5
Zoltan,Percival,Undirected,25,5
Ciri,Dandelion,Undirected,7,5
Maria,Zoltan,Undirected,1,5
Geralt,Percival,Undirected,8,5
Munro,Percival,Undirected,1,5
Percival,Milva,Undirected,4,5
Cahir,Zoltan,Undirected,2,5
Zoltan,Ciri,Undirected,4,5
Geralt,Cahir,Undirected,11,5
Philippa,Zoltan,Undirected,1,5
Zoltan,King,Undirected,1,5
King,Percival,Undirected,1,5
Dandelion,Field,Undirected,3,5
Field,Two,Undirected,1,5
Two,Zoltan,Undirected,3,5
Dandelion,Percival,Undirected,14,5
Percival,Figgis,Undirected,1,5
Field,Geralt,Undirected,4,5
Emiel,Zoltan,Undirected,3,5
Emiel,Geralt,Undirected,3,5
Zoltan,Emiel,Undirected,2,5
Geralt,Sir,Undirected,2,5
Sir,Zoltan,Undirected,2,5
Zoltan,Sir,Undirected,1,5
Percival,Dandelion,Undirected,4,5
Yennefer,Dandelion,Undirected,3,5
Yennefer,Geralt,Undirected,7,5
Zoltan,Two,Undirected,2,5
Geralt,Two,Undirected,2,5
Two,Percival,Undirected,1,5
Zoltan,Brouver,Undirected,1,5
Percival,King,Undirected,1,5
King,Brouver,Undirected,1,5
Dandelion,Count,Undirected,5,5
Ciri,Count,Undirected,2,5
Falka,Ciri,Undirected,5,5
Ciri,Falka,Undirected,1,5
Falka,Kayleigh,Undirected,1,5
Ciri,Kayleigh,Undirected,3,5
Kayleigh,Ciri,Undirected,1,5
Emiel,Percival,Undirected,1,5
Geralt,Emiel,Undirected,2,5
Munro,Dandelion,Undirected,1,5
Munro,Milva,Undirected,2,5
Two,Dandelion,Undirected,1,5
Dandelion,Munro,Undirected,1,5
Percival,Sir,Undirected,2,5
Geralt,Count,Undirected,4,5
Count,Dandelion,Undirected,4,5
Field,Sir,Undirected,1,5
Sir,Percival,Undirected,1,5
Geralt,Kayleigh,Undirected,1,5
Mistle,Ciri,Undirected,5,5
Dandelion,Aubry,Undirected,1,5
Dandelion,Sir,Undirected,4,5
Aubry,Sir,Undirected,2,5
Aubry,Geralt,Undirected,1,5
Aubry,Dandelion,Undirected,1,5
Sir,Geralt,Undirected,3,5
Sir,Dandelion,Undirected,3,5
Dandelion,Emhyr,Undirected,2,5
Daniel,Dandelion,Undirected,1,5
Count,Foltest,Undirected,1,5
Count,Geralt,Undirected,2,5
Foltest,Geralt,Undirected,1,5
Foltest,Count,Undirected,1,5
Calanthe,Pavetta,Undirected,1,5
Calanthe,Geralt,Undirected,1,5
Pavetta,Geralt,Undirected,1,5
Count,Daniel,Undirected,1,5
Dandelion,Daniel,Undirected,1,5
Dandelion,Calanthe,Undirected,1,5
Daniel,Calanthe,Undirected,1,5
Daniel,Emhyr,Undirected,1,5
Calanthe,Emhyr,Undirected,1,5
Emhyr,Calanthe,Undirected,2,5
Vissegerd,Foltest,Undirected,2,5
Vissegerd,Daniel,Undirected,1,5
Foltest,Daniel,Undirected,1,5
Foltest,Vissegerd,Undirected,1,5
Daniel,Vissegerd,Undirected,1,5
Vissegerd,Geralt,Undirected,8,5
Geralt,Vissegerd,Undirected,7,5
Dandelion,Vissegerd,Undirected,9,5
Vissegerd,Count,Undirected,4,5
Count,Vissegerd,Undirected,3,5
Count,Sir,Undirected,3,5
Vissegerd,Sir,Undirected,2,5
Sir,Vissegerd,Undirected,1,5
Vreemde,Morteisen,Undirected,1,5
Cahir,Dandelion,Undirected,12,5
Sir,Demavend,Undirected,1,5
Demavend,Vilgefortz,Undirected,1,5
Demavend,Rience,Undirected,1,5
Vilgefortz,Rience,Undirected,1,5
Vattier,Francesca,Undirected,1,5
Francesca,Cahir,Undirected,1,5
Cahir,Rience,Undirected,2,5
Stefan,Vattier,Undirected,1,5
Stefan,Milva,Undirected,1,5
Vattier,Milva,Undirected,1,5
Ciri,Beau,Undirected,2,5
Ciri,Cahir,Undirected,5,5
Beau,Cahir,Undirected,1,5
Cahir,Milva,Undirected,18,5
Cahir,Ciri,Undirected,3,5
Milva,Fringilla,Undirected,1,5
Milva,Assire,Undirected,1,5
Ciri,Fringilla,Undirected,5,5
Ciri,Assire,Undirected,2,5
Fringilla,Assire,Undirected,5,5
Fringilla,Merlin,Undirected,1,5
Assire,Merlin,Undirected,1,5
Merlin,Assire,Undirected,2,5
Merlin,Fringilla,Undirected,1,5
Assire,Fringilla,Undirected,9,5
Assire,King,Undirected,1,5
Assire,Albrich,Undirected,1,5
King,Albrich,Undirected,1,5
Albrich,Assire,Undirected,1,5
Assire,Xarthisius,Undirected,2,5
Stella,Assire,Undirected,1,5
Stella,Emhyr,Undirected,1,5
Emhyr,Fringilla,Undirected,1,5
Emhyr,Xarthisius,Undirected,1,5
Fringilla,Xarthisius,Undirected,1,5
Fringilla,Emhyr,Undirected,1,5
Xarthisius,Emhyr,Undirected,1,5
Emhyr,Cahir,Undirected,4,5
Cahir,Emhyr,Undirected,3,5
Emhyr,Assire,Undirected,3,5
Cahir,Assire,Undirected,2,5
Assire,Cahir,Undirected,1,5
Cahir,Fringilla,Undirected,1,5
Cahir,Seven,Undirected,2,5
Milva,Cahir,Undirected,19,5
Milva,Seven,Undirected,1,5
Seven,Milva,Undirected,4,5
Vissegerd,Dandelion,Undirected,3,5
Dandelion,Gar,Undirected,1,5
Vissegerd,Gar,Undirected,1,5
Gar,Geralt,Undirected,1,5
Gar,Vissegerd,Undirected,1,5
Geralt,Yennefer,Undirected,4,5
Dandelion,Seven,Undirected,3,5
Geralt,Seven,Undirected,3,5
Seven,Dandelion,Undirected,2,5
Seven,Cahir,Undirected,1,5
Dandelion,Cahir,Undirected,21,5
Philippa,Dandelion,Undirected,1,5
Milva,Emiel,Undirected,1,5
Cahir,Geralt,Undirected,25,5
Kayleigh,Mistle,Undirected,1,5
Mistle,Kayleigh,Undirected,1,5
Falka,Mistle,Undirected,3,5
Mistle,Cahir,Undirected,1,5
Milva,Yennefer,Undirected,1,5
Dandelion,Yennefer,Undirected,1,5
Ciri,Mistle,Undirected,4,5
Vattier,Ida,Undirected,1,5
Ida,Francesca,Undirected,1,5
Ida,Henselt,Undirected,1,5
Francesca,Henselt,Undirected,1,5
Francesca,Ida,Undirected,1,5
Philippa,Ida,Undirected,4,5
Margarita,Sabrina,Undirected,3,5
Margarita,Ida,Undirected,1,5
Margarita,Ithlinne,Undirected,1,5
Philippa,Ithlinne,Undirected,1,5
Sabrina,Ida,Undirected,2,5
Sabrina,Ithlinne,Undirected,1,5
Ida,Ithlinne,Undirected,1,5
Ithlinne,Francesca,Undirected,1,5
Francesca,Yennefer,Undirected,6,5
Yennefer,Francesca,Undirected,10,5
Yennefer,Gar,Undirected,2,5
Francesca,Gar,Undirected,1,5
Francesca,Ciri,Undirected,2,5
Gar,Ciri,Undirected,1,5
Gar,Yennefer,Undirected,1,5
Ciri,Yennefer,Undirected,10,5
Ciri,Francesca,Undirected,3,5
Yennefer,Vilgefortz,Undirected,2,5
Yennefer,Tissaia,Undirected,1,5
Francesca,Vilgefortz,Undirected,1,5
Francesca,Tissaia,Undirected,1,5
Vilgefortz,Tissaia,Undirected,1,5
Vilgefortz,Francesca,Undirected,1,5
Tissaia,Francesca,Undirected,1,5
Geralt,Francesca,Undirected,1,5
Keira,Ciri,Undirected,1,5
Ciri,Vilgefortz,Undirected,4,5
Vilgefortz,Yennefer,Undirected,4,5
Yennefer,Triss,Undirected,4,5
Yennefer,Philippa,Undirected,7,5
Yennefer,Ciri,Undirected,7,5
Ciri,Philippa,Undirected,1,5
Philippa,Ciri,Undirected,3,5
Fringilla,Philippa,Undirected,7,5
Philippa,Fringilla,Undirected,6,5
Fringilla,Triss,Undirected,2,5
Sabrina,Fringilla,Undirected,2,5
Fringilla,Sabrina,Undirected,1,5
Fringilla,Keira,Undirected,1,5
Sabrina,Keira,Undirected,1,5
Sabrina,Triss,Undirected,2,5
Yennefer,Keira,Undirected,1,5
Keira,Fringilla,Undirected,1,5
Keira,Ida,Undirected,1,5
Triss,Fringilla,Undirected,1,5
Triss,Ida,Undirected,1,5
Triss,Blue,Undirected,1,5
Philippa,Blue,Undirected,1,5
Philippa,Aen,Undirected,1,5
Fringilla,Ida,Undirected,2,5
Fringilla,Blue,Undirected,1,5
Fringilla,Aen,Undirected,2,5
Ida,Blue,Undirected,1,5
Ida,Aen,Undirected,2,5
Blue,Aen,Undirected,2,5
Blue,Ida,Undirected,1,5
Aen,Ida,Undirected,2,5
Aen,Fringilla,Undirected,1,5
Ida,Fringilla,Undirected,1,5
Fringilla,Yennefer,Undirected,8,5
Yennefer,Fringilla,Undirected,12,5
Philippa,Yennefer,Undirected,4,5
Ciri,Iskra,Undirected,3,5
Iskra,Ciri,Undirected,1,5
Ciri,Asse,Undirected,1,5
Asse,Ciri,Undirected,1,5
Iskra,Kayleigh,Undirected,1,5
Baron,Philippa,Undirected,1,5
Fringilla,Ciri,Undirected,1,5
Assire,Ciri,Undirected,1,5
Assire,Yennefer,Undirected,5,5
Yennefer,Assire,Undirected,4,5
Triss,Assire,Undirected,1,5
Assire,Rience,Undirected,1,5
Rience,Ciri,Undirected,1,5
Tissaia,Ida,Undirected,1,5
Ida,Sabrina,Undirected,1,5
Ida,Assire,Undirected,1,5
Ida,Philippa,Undirected,1,5
Keira,Francesca,Undirected,1,5
Francesca,Falka,Undirected,3,5
Falka,Sabrina,Undirected,1,5
Falka,Assire,Undirected,1,5
Falka,Francesca,Undirected,1,5
Sabrina,Falka,Undirected,1,5
Assire,Falka,Undirected,2,5
Falka,Yennefer,Undirected,1,5
Philippa,Falka,Undirected,2,5
Falka,Anna,Undirected,1,5
Ciri,Anna,Undirected,1,5
Anna,Beau,Undirected,1,5
Anna,Francesca,Undirected,1,5
Beau,Francesca,Undirected,1,5
Sabrina,Adalia,Undirected,1,5
Adalia,Assire,Undirected,2,5
Francesca,Adalia,Undirected,1,5
Assire,Adalia,Undirected,2,5
Adalia,Yennefer,Undirected,2,5
Adalia,Calanthe,Undirected,1,5
Adalia,Margarita,Undirected,1,5
Adalia,Anna,Undirected,1,5
Calanthe,Margarita,Undirected,1,5
Calanthe,Anna,Undirected,1,5
Margarita,Anna,Undirected,1,5
Anna,Assire,Undirected,1,5
Geralt,Fringilla,Undirected,1,5
Ciri,Sabrina,Undirected,4,5
Triss,Emhyr,Undirected,1,5
Emhyr,Keira,Undirected,2,5
Emhyr,Yennefer,Undirected,1,5
Triss,Yennefer,Undirected,3,5
Vilgefortz,Sir,Undirected,3,5
Vilgefortz,Ida,Undirected,2,5
Ida,Yennefer,Undirected,1,5
Ida,Margarita,Undirected,1,5
Ida,Ciri,Undirected,2,5
Yennefer,Margarita,Undirected,1,5
Yennefer,Sabrina,Undirected,2,5
Margarita,Ciri,Undirected,2,5
Margarita,Vilgefortz,Undirected,1,5
Sabrina,Vilgefortz,Undirected,1,5
Triss,Geralt,Undirected,1,5
Sabrina,Yennefer,Undirected,1,5
Sabrina,Ciri,Undirected,1,5
Fringilla,Two,Undirected,1,5
Two,Seven,Undirected,1,5
Two,Connor,Undirected,1,5
Seven,Connor,Undirected,1,5
Vilgefortz,Ciri,Undirected,1,5
Geralt,Forest,Undirected,1,5
Emiel,Roach,Undirected,1,5
Roach,Cahir,Undirected,1,5
Geralt,Blue,Undirected,1,5
Milva,Blue,Undirected,1,5
Blue,Cahir,Undirected,2,5
Blue,Milva,Undirected,1,5
King,Dandelion,Undirected,1,5
Geralt,Ethain,Undirected,1,5
Ethain,Cahir,Undirected,2,5
Ethain,Dandelion,Undirected,1,5
Ciri,Zoltan,Undirected,2,5
Cahir,Vissegerd,Undirected,1,5
Geralt,Vesemir,Undirected,1,5
Geralt,Dyffryn,Undirected,1,5
Vesemir,Dandelion,Undirected,1,5
Vesemir,Cahir,Undirected,1,5
Vesemir,Dyffryn,Undirected,1,5
Dandelion,Dyffryn,Undirected,1,5
Cahir,Dyffryn,Undirected,1,5
Dyffryn,Dandelion,Undirected,1,5
Cahir,Roach,Undirected,1,5
Cahir,Two,Undirected,1,5
Roach,Milva,Undirected,1,5
Meve,Geralt,Undirected,5,5
Geralt,Meve,Undirected,3,5
Meve,Milva,Undirected,1,5
Milva,Meve,Undirected,1,5
Zuleyka,Philippa,Undirected,2,6
Zuleyka,Vesemir,Undirected,1,6
Philippa,Vesemir,Undirected,1,6
Philippa,Sigrdrifa,Undirected,1,6
Vesemir,Sigrdrifa,Undirected,1,6
Vesemir,Zyvik,Undirected,1,6
Sigrdrifa,Zyvik,Undirected,1,6
Jarre,Triss,Undirected,2,6
Nenneke,Triss,Undirected,3,6
Nenneke,Jarre,Undirected,2,6
Triss,Jarre,Undirected,1,6
Stefan,Ciri,Undirected,1,6
Vysogota,Ciri,Undirected,20,6
Ciri,Vysogota,Undirected,14,6
Vysogota,Kelpie,Undirected,2,6
Kelpie,Ciri,Undirected,10,6
Ciri,Kelpie,Undirected,8,6
Aen,Ciri,Undirected,1,6
Asse,Falka,Undirected,2,6
Falka,Asse,Undirected,1,6
Kayleigh,Falka,Undirected,2,6
Emhyr,Mistle,Undirected,3,6
Mistle,Falka,Undirected,1,6
Falka,Kayleigh,Undirected,1,6
Falka,Ciri,Undirected,6,6
Falka,Baron,Undirected,4,6
Ciri,Baron,Undirected,5,6
Baron,Ciri,Undirected,2,6
Ciri,Falka,Undirected,7,6
Baron,Asse,Undirected,1,6
Mistle,Ciri,Undirected,11,6
Mistle,Asse,Undirected,1,6
Ciri,Asse,Undirected,1,6
Kayleigh,Mistle,Undirected,3,6
Kayleigh,Asse,Undirected,2,6
Ciri,Mistle,Undirected,12,6
Kayleigh,Emhyr,Undirected,1,6
Emhyr,Ciri,Undirected,4,6
Ciri,Calanthe,Undirected,2,6
Calanthe,Ciri,Undirected,8,6
Calanthe,Falka,Undirected,1,6
Ciri,Emhyr,Undirected,6,6
Falka,Emhyr,Undirected,1,6
Asse,Kayleigh,Undirected,1,6
Baron,Vysogota,Undirected,1,6
Falka,Mistle,Undirected,2,6
Yennefer,Ciri,Undirected,16,6
Mistle,Vysogota,Undirected,1,6
Mistle,Kayleigh,Undirected,2,6
Milva,Geralt,Undirected,11,6
Geralt,Meve,Undirected,5,6
Meve,Geralt,Undirected,3,6
Geralt,Milva,Undirected,17,6
Milva,Meve,Undirected,1,6
Ciri,Meve,Undirected,1,6
Meve,Milva,Undirected,3,6
Milva,Cahir,Undirected,5,6
Cahir,Geralt,Undirected,25,6
Milva,Roach,Undirected,2,6
Roach,Milva,Undirected,1,6
Geralt,King,Undirected,1,6
Geralt,Ciri,Undirected,7,6
Ciri,Geralt,Undirected,10,6
Geralt,Forest,Undirected,2,6
Geralt,Yennefer,Undirected,4,6
Yennefer,Triss,Undirected,2,6
Yennefer,Crach,Undirected,11,6
Dandelion,Ciri,Undirected,2,6
Milva,Dandelion,Undirected,11,6
Cahir,Dandelion,Undirected,5,6
Geralt,Dandelion,Undirected,11,6
Dandelion,Cahir,Undirected,3,6
Dandelion,Count,Undirected,1,6
Count,Dandelion,Undirected,1,6
Milva,Ciri,Undirected,1,6
Ciri,Dandelion,Undirected,1,6
Ciri,Milva,Undirected,1,6
Dandelion,Milva,Undirected,4,6
Ciri,Cahir,Undirected,7,6
Calanthe,Cahir,Undirected,1,6
Vattier,Emhyr,Undirected,2,6
Vattier,Cahir,Undirected,2,6
Vattier,Ceallach,Undirected,2,6
Cahir,Ceallach,Undirected,1,6
Cahir,Vattier,Undirected,2,6
Ceallach,Vattier,Undirected,1,6
Vattier,Vilgefortz,Undirected,3,6
Vattier,Rience,Undirected,5,6
Rience,Vilgefortz,Undirected,12,6
Vilgefortz,Vattier,Undirected,2,6
Vilgefortz,Rience,Undirected,9,6
Rience,Vattier,Undirected,8,6
Ceallach,Rience,Undirected,2,6
Ceallach,Meve,Undirected,1,6
Meve,Rience,Undirected,1,6
Meve,Cahir,Undirected,1,6
Rience,Cahir,Undirected,1,6
Vattier,Stefan,Undirected,3,6
Rience,Stefan,Undirected,1,6
Vattier,Carthia,Undirected,2,6
Emhyr,Vattier,Undirected,2,6
Stefan,Rience,Undirected,3,6
Stefan,Vattier,Undirected,1,6
Carthia,Vattier,Undirected,1,6
Cahir,Forest,Undirected,1,6
Cahir,Ciri,Undirected,5,6
Forest,Ciri,Undirected,1,6
Forest,Geralt,Undirected,1,6
Geralt,Cahir,Undirected,24,6
Dandelion,Geralt,Undirected,6,6
Falka,Joanna,Undirected,1,6
Baron,Falka,Undirected,4,6
Kelpie,Vysogota,Undirected,1,6
Kelpie,Baron,Undirected,1,6
Emhyr,Leo,Undirected,1,6
Leo,Ciri,Undirected,3,6
Ciri,Windsor,Undirected,2,6
Ciri,Leo,Undirected,1,6
Windsor,Baron,Undirected,2,6
Windsor,Ciri,Undirected,4,6
Leo,Falka,Undirected,1,6
Baron,Windsor,Undirected,2,6
Windsor,Leo,Undirected,1,6
Falka,Windsor,Undirected,2,6
Windsor,Falka,Undirected,1,6
Stavro,Baron,Undirected,3,6
Stavro,Ciri,Undirected,6,6
Ciri,Stavro,Undirected,3,6
Little,Stavro,Undirected,1,6
Stavro,Falka,Undirected,1,6
Windsor,Stavro,Undirected,1,6
Cahir,Milva,Undirected,7,6
Beau,Geralt,Undirected,3,6
Dandelion,Vissegerd,Undirected,3,6
Vissegerd,Meve,Undirected,1,6
Cahir,Beau,Undirected,1,6
Beau,Ciri,Undirected,1,6
Emhyr,Cahir,Undirected,1,6
Emhyr,Geralt,Undirected,2,6
Two,Cahir,Undirected,1,6
Yennefer,Vysogota,Undirected,1,6
Geralt,Vysogota,Undirected,1,6
Geralt,Golan,Undirected,1,6
Golan,Geralt,Undirected,1,6
Two,Geralt,Undirected,3,6
Geralt,Beau,Undirected,2,6
Sword,Geralt,Undirected,1,6
Codringher,Geralt,Undirected,1,6
Geralt,Codringher,Undirected,1,6
Geralt,Vilgefortz,Undirected,1,6
Codringher,Vilgefortz,Undirected,1,6
Cahir,Two,Undirected,1,6
Geralt,Emiel,Undirected,1,6
Geralt,Aen,Undirected,1,6
Aen,Ithlinne,Undirected,1,6
Geralt,Ithlinne,Undirected,1,6
Geralt,Julia,Undirected,1,6
Julia,Baron,Undirected,2,6
Julia,Two,Undirected,1,6
Baron,Two,Undirected,1,6
Baron,Dandelion,Undirected,1,6
Baron,Julia,Undirected,1,6
Dandelion,Julia,Undirected,3,6
Julia,Beau,Undirected,1,6
Beau,Baron,Undirected,1,6
Geralt,Baron,Undirected,3,6
Baron,Anna,Undirected,1,6
Anna,Geralt,Undirected,1,6
Milva,Beau,Undirected,1,6
Dandelion,Beau,Undirected,1,6
Beau,Julia,Undirected,1,6
Julia,Geralt,Undirected,1,6
Baron,Beau,Undirected,1,6
Milva,Emiel,Undirected,1,6
Emiel,Geralt,Undirected,1,6
Count,Radovid,Undirected,3,6
Radovid,Count,Undirected,1,6
Radovid,King,Undirected,3,6
Baron,Count,Undirected,1,6
Esterad,Zuleyka,Undirected,8,6
Esterad,King,Undirected,4,6
King,Zuleyka,Undirected,3,6
King,Philippa,Undirected,1,6
King,Esterad,Undirected,3,6
King,Blue,Undirected,1,6
Blue,Esterad,Undirected,1,6
Emhyr,King,Undirected,1,6
King,Demavend,Undirected,1,6
King,Henselt,Undirected,1,6
King,Emhyr,Undirected,2,6
Demavend,Henselt,Undirected,1,6
Demavend,King,Undirected,1,6
Demavend,Emhyr,Undirected,1,6
Demavend,Foltest,Undirected,1,6
Henselt,King,Undirected,1,6
Henselt,Emhyr,Undirected,1,6
Henselt,Foltest,Undirected,1,6
King,Foltest,Undirected,2,6
Emhyr,Foltest,Undirected,4,6
Carthia,Assire,Undirected,1,6
Assire,Vattier,Undirected,3,6
Vattier,Assire,Undirected,5,6
Assire,Menno,Undirected,1,6
Menno,Assire,Undirected,1,6
Assire,Carthia,Undirected,3,6
Assire,Emhyr,Undirected,1,6
Assire,Fringilla,Undirected,2,6
Fringilla,Assire,Undirected,2,6
Assire,Philippa,Undirected,3,6
Philippa,Assire,Undirected,2,6
Fergus,Emhyr,Undirected,1,6
Emhyr,Esterad,Undirected,3,6
Foltest,Esterad,Undirected,1,6
Zuleyka,Esterad,Undirected,5,6
Esterad,Ciri,Undirected,1,6
Esterad,Emhyr,Undirected,1,6
Zuleyka,Lebioda,Undirected,4,6
Lebioda,Emhyr,Undirected,1,6
Emhyr,Zuleyka,Undirected,1,6
Jacob,Esterad,Undirected,1,6
Lebioda,Esterad,Undirected,2,6
Lebioda,Zuleyka,Undirected,2,6
Esterad,Lebioda,Undirected,1,6
Lebioda,King,Undirected,1,6
Duke,Esterad,Undirected,3,6
Esterad,Duke,Undirected,2,6
Julia,Zuleyka,Undirected,1,6
Zuleyka,Duke,Undirected,1,6
Zuleyka,King,Undirected,1,6
King,Baron,Undirected,1,6
Ciri,Zuleyka,Undirected,1,6
Esterad,Ithlinne,Undirected,1,6
Vilgefortz,Yennefer,Undirected,3,6
Yennefer,Vilgefortz,Undirected,7,6
Vilgefortz,Philippa,Undirected,2,6
Two,Yennefer,Undirected,1,6
Crach,Ciri,Undirected,5,6
Ciri,Crach,Undirected,6,6
Fringilla,Philippa,Undirected,1,6
Philippa,Crach,Undirected,1,6
Crach,Yennefer,Undirected,10,6
Crach,Calanthe,Undirected,1,6
Yennefer,Calanthe,Undirected,1,6
Ciri,Yennefer,Undirected,10,6
Crach,Pavetta,Undirected,2,6
Ciri,Pavetta,Undirected,2,6
Pavetta,Yennefer,Undirected,2,6
Pavetta,Geralt,Undirected,1,6
Pavetta,Crach,Undirected,2,6
Yennefer,Geralt,Undirected,3,6
Geralt,Crach,Undirected,1,6
Sigrdrifa,Crach,Undirected,1,6
Sigrdrifa,Yennefer,Undirected,6,6
Yennefer,Sigrdrifa,Undirected,7,6
Sigrdrifa,Ciri,Undirected,4,6
Ciri,Sigrdrifa,Undirected,1,6
Geralt,Fringilla,Undirected,1,6
Emhyr,Vissegerd,Undirected,1,6
Ciri,Vissegerd,Undirected,1,6
Triss,Crach,Undirected,5,6
Crach,Philippa,Undirected,2,6
Triss,Yennefer,Undirected,3,6
Triss,Ciri,Undirected,5,6
Crach,Sigrdrifa,Undirected,1,6
Sigrdrifa,Vilgefortz,Undirected,1,6
Vilgefortz,Crach,Undirected,1,6
Crach,Triss,Undirected,1,6
Ciri,Triss,Undirected,3,6
Ciri,Vilgefortz,Undirected,3,6
Vysogota,Asse,Undirected,2,6
Asse,Kelpie,Undirected,2,6
Vissegerd,Geralt,Undirected,1,6
Vissegerd,Dandelion,Undirected,1,6
Geralt,Vissegerd,Undirected,1,6
Vissegerd,Ciri,Undirected,1,6
Yennefer,Hjalmar,Undirected,3,6
Crach,Hjalmar,Undirected,3,6
Yennefer,Pavetta,Undirected,1,6
Hjalmar,Ciri,Undirected,1,6
Hjalmar,Pavetta,Undirected,1,6
Calanthe,Radovid,Undirected,1,6
Calanthe,Hjalmar,Undirected,2,6
Ciri,Radovid,Undirected,1,6
Ciri,Hjalmar,Undirected,2,6
Radovid,Calanthe,Undirected,1,6
Radovid,Ciri,Undirected,1,6
Radovid,Hjalmar,Undirected,1,6
Hjalmar,Crach,Undirected,4,6
Hjalmar,Yennefer,Undirected,1,6
Yennefer,Philippa,Undirected,2,6
Philippa,Yennefer,Undirected,2,6
Philippa,Ciri,Undirected,3,6
Philippa,Vilgefortz,Undirected,1,6
Triss,Geralt,Undirected,1,6
Crach,Two,Undirected,1,6
Joanna,Stefan,Undirected,1,6
Yennefer,Rience,Undirected,3,6
Rience,Ciri,Undirected,2,6
Ciri,Rience,Undirected,3,6
Vysogota,Rience,Undirected,1,6
Rience,Vysogota,Undirected,1,6
Rience,Falka,Undirected,2,6
Rience,Emhyr,Undirected,1,6
Vilgefortz,Sir,Undirected,2,6
Vilgefortz,Ithlinne,Undirected,1,6
Sir,Ithlinne,Undirected,1,6
Vilgefortz,Ardal,Undirected,1,6
Ardal,Emhyr,Undirected,1,6
Emhyr,Stefan,Undirected,1,6
Rience,Duke,Undirected,1,6
Duke,Vattier,Undirected,2,6
Two,Sir,Undirected,1,6
Vysogota,Yennefer,Undirected,1,6
Falka,Ori,Undirected,1,6
Jan,Two,Undirected,1,6
Two,Jan,Undirected,1,6
Falka,Rience,Undirected,1,6
Ciri,Jan,Undirected,2,6
Jan,Ciri,Undirected,2,6
Iola,Milo,Undirected,1,6
Iola,Nenneke,Undirected,3,6
Milo,Nenneke,Undirected,1,6
Iola,Jarre,Undirected,1,6
Ciri,Nenneke,Undirected,2,6
Iola,Ciri,Undirected,1,6
Iola,Triss,Undirected,1,6
Triss,Nenneke,Undirected,1,6
Nenneke,Ciri,Undirected,1,6
Ciri,Jarre,Undirected,2,6
Jarre,Ciri,Undirected,2,6
Jarre,Nenneke,Undirected,1,6
Vilgefortz,Ciri,Undirected,1,6
Vilgefortz,Triss,Undirected,1,6
Rience,Ori,Undirected,1,6
Rience,Yennefer,Undirected,1,6
Kelpie,Iola,Undirected,1,6
Mistle,Geralt,Undirected,1,6
Arthur,Merlin,Undirected,3,7
Merlin,Arthur,Undirected,1,7
Merlin,Sir,Undirected,2,7
Arthur,Sir,Undirected,1,7
Nimue,Dandelion,Undirected,3,7
Dandelion,Nimue,Undirected,1,7
Dandelion,Two,Undirected,1,7
Nimue,Two,Undirected,1,7
Geralt,Nimue,Undirected,1,7
Yennefer,Nimue,Undirected,2,7
Beau,Ciri,Undirected,5,7
Ciri,Nimue,Undirected,4,7
Nimue,Ciri,Undirected,9,7
Ciri,Lydia,Undirected,1,7
Lydia,Nimue,Undirected,1,7
Stella,Count,Undirected,2,7
Stella,Emhyr,Undirected,6,7
Count,Emhyr,Undirected,6,7
Count,Stella,Undirected,4,7
Emhyr,Vattier,Undirected,2,7
Emhyr,Stella,Undirected,3,7
Emhyr,Count,Undirected,1,7
Emhyr,Beau,Undirected,1,7
Nimue,Emhyr,Undirected,2,7
Emhyr,Nimue,Undirected,1,7
Nimue,King,Undirected,2,7
Emhyr,King,Undirected,1,7
King,Ciri,Undirected,3,7
Ciri,Emhyr,Undirected,7,7
Dandelion,Jan,Undirected,1,7
Jan,Nimue,Undirected,1,7
Cahir,Count,Undirected,1,7
Cahir,Dandelion,Undirected,4,7
Count,Dandelion,Undirected,1,7
Dandelion,Geralt,Undirected,15,7
Nimue,Geralt,Undirected,1,7
Geralt,Dandelion,Undirected,28,7
Geralt,Count,Undirected,1,7
Dandelion,Count,Undirected,3,7
Margarita,Francesca,Undirected,4,7
Francesca,Ida,Undirected,3,7
Ciri,Vilgefortz,Undirected,15,7
Yennefer,Jan,Undirected,1,7
Jan,Vilgefortz,Undirected,1,7
Vilgefortz,Ciri,Undirected,11,7
Vilgefortz,Yennefer,Undirected,19,7
Ciri,Yennefer,Undirected,40,7
Yennefer,Ciri,Undirected,44,7
Yennefer,Vilgefortz,Undirected,20,7
Yennefer,Geralt,Undirected,25,7
Geralt,Ciri,Undirected,34,7
Geralt,Yennefer,Undirected,15,7
Vilgefortz,Emhyr,Undirected,7,7
Emhyr,Stefan,Undirected,2,7
Emhyr,Yennefer,Undirected,3,7
Stefan,Yennefer,Undirected,2,7
Stefan,Vilgefortz,Undirected,3,7
Yennefer,Stefan,Undirected,2,7
Nimue,Everett,Undirected,1,7
Reynart,Geralt,Undirected,7,7
Reynard,Geralt,Undirected,1,7
Beau,Geralt,Undirected,3,7
Beau,Roach,Undirected,1,7
Geralt,Roach,Undirected,2,7
Sir,Geralt,Undirected,3,7
Sir,Milva,Undirected,1,7
Geralt,Milva,Undirected,14,7
Geralt,Cahir,Undirected,11,7
Milva,Cahir,Undirected,6,7
Cahir,Milva,Undirected,8,7
Cahir,Beau,Undirected,1,7
Milva,Beau,Undirected,1,7
Reynart,Anna,Undirected,2,7
Anna,Reynart,Undirected,1,7
Anna,Dandelion,Undirected,3,7
Anna,Julia,Undirected,2,7
Anna,Sir,Undirected,1,7
Reynart,Dandelion,Undirected,3,7
Reynart,Julia,Undirected,1,7
Reynart,Sir,Undirected,1,7
Dandelion,Julia,Undirected,5,7
Dandelion,Sir,Undirected,1,7
Julia,Sir,Undirected,1,7
Julia,Geralt,Undirected,3,7
Geralt,Sir,Undirected,3,7
Cahir,Reynart,Undirected,2,7
Reynart,Count,Undirected,1,7
Count,Geralt,Undirected,3,7
Geralt,Reynart,Undirected,11,7
Reynart,Two,Undirected,1,7
Geralt,Two,Undirected,2,7
Two,Reynart,Undirected,1,7
Reynart,Beau,Undirected,3,7
Beau,Reynart,Undirected,3,7
Beau,Cahir,Undirected,2,7
Geralt,Beau,Undirected,8,7
Reynart,Cahir,Undirected,2,7
Dandelion,Milva,Undirected,2,7
Geralt,Julia,Undirected,1,7
Beau,Julia,Undirected,2,7
Beau,Dandelion,Undirected,3,7
Julia,Dandelion,Undirected,5,7
Anna,Geralt,Undirected,3,7
Geralt,Anna,Undirected,1,7
Beau,Anna,Undirected,1,7
Dandelion,Fringilla,Undirected,4,7
Fringilla,Geralt,Undirected,12,7
Geralt,Fringilla,Undirected,22,7
Reynart,Milva,Undirected,2,7
Fringilla,Milva,Undirected,4,7
Anna,Ciri,Undirected,2,7
Dandelion,Ciri,Undirected,7,7
Ciri,Pavetta,Undirected,2,7
Ciri,Dandelion,Undirected,12,7
Emhyr,Geralt,Undirected,4,7
Milva,Geralt,Undirected,9,7
Geralt,Baron,Undirected,3,7
Geralt,Palmerin,Undirected,2,7
Baron,Palmerin,Undirected,1,7
Palmerin,Baron,Undirected,2,7
Palmerin,Geralt,Undirected,1,7
Milva,Reynart,Undirected,1,7
Milva,Ciri,Undirected,1,7
Count,Fringilla,Undirected,1,7
Baron,Anna,Undirected,1,7
Dandelion,Emiel,Undirected,1,7
Emiel,Geralt,Undirected,4,7
Milva,Fringilla,Undirected,2,7
Milva,Baron,Undirected,6,7
Fringilla,Baron,Undirected,1,7
Baron,Geralt,Undirected,1,7
Baron,Milva,Undirected,7,7
Milva,Seven,Undirected,1,7
Baron,Seven,Undirected,1,7
Seven,Baron,Undirected,1,7
Seven,Milva,Undirected,1,7
Geralt,Gar,Undirected,1,7
Fringilla,Fulko,Undirected,3,7
Reynart,Roach,Undirected,1,7
Sir,Dandelion,Undirected,1,7
Sir,Cahir,Undirected,1,7
Dandelion,Cahir,Undirected,2,7
Dandelion,Roach,Undirected,2,7
Ciri,Fringilla,Undirected,3,7
Fringilla,Dandelion,Undirected,3,7
Jan,Fringilla,Undirected,1,7
Jan,Geralt,Undirected,2,7
Geralt,King,Undirected,2,7
Roach,Two,Undirected,2,7
Cahir,Baron,Undirected,1,7
Baron,Dandelion,Undirected,2,7
Milva,Dandelion,Undirected,1,7
Cahir,Geralt,Undirected,10,7
Beau,Fringilla,Undirected,1,7
Fringilla,Philippa,Undirected,9,7
Fringilla,Yennefer,Undirected,3,7
Philippa,Fringilla,Undirected,6,7
Philippa,Yennefer,Undirected,1,7
Keira,Philippa,Undirected,2,7
Keira,Fringilla,Undirected,3,7
Philippa,Margarita,Undirected,3,7
Philippa,Sabrina,Undirected,4,7
Fringilla,Margarita,Undirected,1,7
Fringilla,Sabrina,Undirected,3,7
Margarita,Sabrina,Undirected,1,7
Sabrina,Ida,Undirected,1,7
Ida,Assire,Undirected,2,7
Fringilla,Ciri,Undirected,2,7
Fringilla,Triss,Undirected,3,7
Ciri,Triss,Undirected,12,7
Ciri,Philippa,Undirected,3,7
Triss,Philippa,Undirected,4,7
Fringilla,Little,Undirected,1,7
Dandelion,Little,Undirected,1,7
Little,Fringilla,Undirected,1,7
Baron,Cahir,Undirected,1,7
Fringilla,Cahir,Undirected,2,7
Cahir,Fringilla,Undirected,5,7
Cahir,Ciri,Undirected,5,7
Vilgefortz,Vattier,Undirected,1,7
Vilgefortz,Joachim,Undirected,1,7
Ardal,Emhyr,Undirected,1,7
Stefan,Joachim,Undirected,1,7
Morvran,Count,Undirected,1,7
Emhyr,Ardal,Undirected,2,7
Ardal,Joachim,Undirected,2,7
Ardal,Stefan,Undirected,1,7
Ardal,Vilgefortz,Undirected,1,7
Joachim,Stefan,Undirected,1,7
Joachim,Vilgefortz,Undirected,2,7
Joachim,Emhyr,Undirected,4,7
Stefan,Emhyr,Undirected,3,7
Emhyr,Joachim,Undirected,3,7
Yennefer,Emhyr,Undirected,2,7
Yennefer,Ardal,Undirected,1,7
Yennefer,Joachim,Undirected,1,7
Ardal,Count,Undirected,1,7
Joachim,Count,Undirected,1,7
Count,Vilgefortz,Undirected,1,7
Vilgefortz,Stefan,Undirected,1,7
Fringilla,Vilgefortz,Undirected,6,7
Vilgefortz,Fringilla,Undirected,4,7
Vilgefortz,Geralt,Undirected,14,7
Vilgefortz,Philippa,Undirected,2,7
Fringilla,Keira,Undirected,1,7
Philippa,Vilgefortz,Undirected,3,7
Philippa,Keira,Undirected,1,7
Vilgefortz,Keira,Undirected,1,7
Vilgefortz,Sabrina,Undirected,1,7
Keira,Sabrina,Undirected,2,7
Sabrina,Fringilla,Undirected,3,7
Fringilla,Assire,Undirected,4,7
Guy,Geralt,Undirected,1,7
Guy,Reynart,Undirected,1,7
Fringilla,Beau,Undirected,1,7
Philippa,Francesca,Undirected,3,7
Philippa,Ida,Undirected,1,7
Sabrina,Philippa,Undirected,4,7
Sabrina,Vilgefortz,Undirected,1,7
Philippa,Triss,Undirected,2,7
Margarita,Fringilla,Undirected,1,7
Margarita,Triss,Undirected,1,7
Fringilla,Francesca,Undirected,1,7
Triss,Francesca,Undirected,1,7
Triss,Assire,Undirected,1,7
Francesca,Assire,Undirected,2,7
Francesca,Philippa,Undirected,3,7
Assire,Philippa,Undirected,4,7
Assire,Fringilla,Undirected,1,7
Assire,Sabrina,Undirected,2,7
Ciri,Kelpie,Undirected,25,7
Kelpie,Ciri,Undirected,36,7
Kelpie,Vesemir,Undirected,1,7
Vesemir,Ciri,Undirected,1,7
Eredin,Ciri,Undirected,16,7
Ciri,Eredin,Undirected,13,7
Ciri,Aen,Undirected,9,7
Aen,Eredin,Undirected,2,7
Ciri,Auberon,Undirected,9,7
Auberon,Aen,Undirected,3,7
Auberon,King,Undirected,3,7
Aen,Auberon,Undirected,1,7
Aen,King,Undirected,1,7
Auberon,Eredin,Undirected,3,7
Eredin,Auberon,Undirected,2,7
Auberon,Ciri,Undirected,6,7
Ciri,Gar,Undirected,1,7
Eredin,Gar,Undirected,1,7
Gar,Ciri,Undirected,1,7
Gar,Eredin,Undirected,1,7
Aen,Ciri,Undirected,7,7
Auberon,Geralt,Undirected,2,7
Ciri,King,Undirected,4,7
Vysogota,Ciri,Undirected,2,7
Vysogota,Yennefer,Undirected,1,7
Ciri,Vysogota,Undirected,2,7
Vysogota,Geralt,Undirected,2,7
Kelpie,Aen,Undirected,1,7
Kelpie,Eredin,Undirected,1,7
Eredin,Kelpie,Undirected,3,7
Ciri,Anna,Undirected,1,7
Anna,Eredin,Undirected,1,7
King,Kayleigh,Undirected,1,7
Kayleigh,King,Undirected,1,7
Kayleigh,Ciri,Undirected,1,7
Eredin,Vysogota,Undirected,1,7
Ciri,Little,Undirected,2,7
Ciri,Ihuarraquax,Undirected,3,7
Little,Ihuarraquax,Undirected,1,7
Little,Ciri,Undirected,3,7
Ihuarraquax,Ciri,Undirected,2,7
Ihuarraquax,Little,Undirected,1,7
Gar,Little,Undirected,1,7
Kelpie,Little,Undirected,2,7
Ihuarraquax,Kelpie,Undirected,1,7
Kelpie,Seven,Undirected,1,7
Little,Seven,Undirected,1,7
Seven,Little,Undirected,1,7
Seven,Ciri,Undirected,1,7
King,Menno,Undirected,1,7
Jarre,Milton,Undirected,2,7
Milton,Jarre,Undirected,2,7
Jarre,Jan,Undirected,1,7
Jan,Jarre,Undirected,1,7
Jarre,Sir,Undirected,1,7
Sir,Jarre,Undirected,1,7
Jarre,Two,Undirected,3,7
Two,Jarre,Undirected,2,7
Jarre,Geralt,Undirected,1,7
Jarre,Nenneke,Undirected,3,7
Jarre,Ciri,Undirected,4,7
Geralt,Nenneke,Undirected,1,7
Geralt,Triss,Undirected,1,7
Nenneke,Ciri,Undirected,1,7
Nenneke,Triss,Undirected,6,7
Jarre,King,Undirected,1,7
Adam,Julia,Undirected,5,7
Jarre,Dennis,Undirected,4,7
Dennis,Jarre,Undirected,5,7
Dennis,Nenneke,Undirected,3,7
Nenneke,Dennis,Undirected,1,7
Nenneke,Jarre,Undirected,3,7
Sheldon,Jarre,Undirected,1,7
Jarre,Sheldon,Undirected,1,7
Sheldon,Zoltan,Undirected,1,7
Sheldon,Menno,Undirected,1,7
Zoltan,Menno,Undirected,1,7
Zoltan,Jarre,Undirected,3,7
Menno,Jarre,Undirected,1,7
Zoltan,Dennis,Undirected,2,7
Zoltan,Vissegerd,Undirected,1,7
Zoltan,Julia,Undirected,1,7
Dennis,Vissegerd,Undirected,1,7
Dennis,Julia,Undirected,1,7
Vissegerd,Julia,Undirected,1,7
Vissegerd,Dennis,Undirected,1,7
Julia,Dennis,Undirected,1,7
Julia,Yarpen,Undirected,1,7
Dennis,Yarpen,Undirected,1,7
Dennis,Emhyr,Undirected,1,7
Yarpen,Emhyr,Undirected,1,7
Emhyr,Zoltan,Undirected,1,7
Dennis,Zoltan,Undirected,1,7
Jarre,Zoltan,Undirected,1,7
Dennis,Ciri,Undirected,1,7
Ciri,Nenneke,Undirected,1,7
Kelpie,Ihuarraquax,Undirected,1,7
Kelpie,Two,Undirected,1,7
Two,Kelpie,Undirected,1,7
Two,Ciri,Undirected,3,7
King,Nimue,Undirected,1,7
Fabio,Yennefer,Undirected,1,7
Ciri,Geralt,Undirected,28,7
Geralt,Kelpie,Undirected,3,7
King,Geralt,Undirected,3,7
Nimue,Ithlinne,Undirected,1,7
Ithlinne,Nimue,Undirected,2,7
Nimue,Jan,Undirected,1,7
Ciri,Jarre,Undirected,3,7
Jarre,Anna,Undirected,1,7
Puttkammer,Baron,Undirected,1,7
Puttkammer,Field,Undirected,1,7
Field,Puttkammer,Undirected,1,7
Puttkammer,Seven,Undirected,1,7
Julia,Adam,Undirected,1,7
Bronibor,Adam,Undirected,1,7
Bronibor,Barclay,Undirected,1,7
Adam,Barclay,Undirected,1,7
Jarre,Field,Undirected,2,7
Jarre,Menno,Undirected,1,7
Field,Menno,Undirected,3,7
Menno,Field,Undirected,2,7
Field,Ramon,Undirected,1,7
Iola,Marti,Undirected,3,7
Marti,Iola,Undirected,6,7
King,Sword,Undirected,1,7
King,Assire,Undirected,1,7
King,Philippa,Undirected,3,7
Iola,Shani,Undirected,3,7
Shani,Marti,Undirected,1,7
Adam,Jarre,Undirected,1,7
Aubry,Julia,Undirected,1,7
Barclay,Aubry,Undirected,3,7
Aubry,Foltest,Undirected,2,7
Foltest,Aubry,Undirected,1,7
Aubry,Barclay,Undirected,2,7
Two,Barclay,Undirected,1,7
Julia,Aubry,Undirected,1,7
Julia,Marti,Undirected,1,7
Marti,Shani,Undirected,3,7
Shani,Iola,Undirected,4,7
Menno,Isengrim,Undirected,2,7
Isengrim,Menno,Undirected,1,7
Menno,Iola,Undirected,1,7
Triss,Nenneke,Undirected,7,7
Jarre,Triss,Undirected,1,7
Count,Gar,Undirected,1,7
Marti,Daniel,Undirected,1,7
Marti,Count,Undirected,1,7
Daniel,Count,Undirected,1,7
Count,Shani,Undirected,1,7
Adam,Foltest,Undirected,1,7
Adam,Bronibor,Undirected,1,7
Julia,Foltest,Undirected,1,7
Julia,Bronibor,Undirected,1,7
Foltest,Bronibor,Undirected,1,7
Iola,Yaevinn,Undirected,1,7
Kobus,Count,Undirected,1,7
Puttkammer,Menno,Undirected,1,7
Menno,Puttkammer,Undirected,1,7
Sir,Seven,Undirected,1,7
Elan,Seven,Undirected,1,7
Jarre,Bronibor,Undirected,4,7
Bronibor,Jarre,Undirected,2,7
Bronibor,Seven,Undirected,1,7
Field,Bronibor,Undirected,1,7
Menno,Sievers,Undirected,1,7
Sievers,Seven,Undirected,1,7
Sievers,Field,Undirected,1,7
Zoltan,Munro,Undirected,1,7
Zoltan,Guy,Undirected,1,7
Munro,Guy,Undirected,1,7
Munro,Field,Undirected,1,7
Guy,Field,Undirected,1,7
Jarre,Iola,Undirected,1,7
Iola,Bronibor,Undirected,1,7
Iola,Jarre,Undirected,1,7
King,Meve,Undirected,2,7
King,Ardal,Undirected,1,7
Meve,Ardal,Undirected,1,7
Ciri,Marti,Undirected,1,7
Milo,Marti,Undirected,1,7
Ciri,Stefan,Undirected,1,7
Vilgefortz,Aen,Undirected,2,7
Milva,Maria,Undirected,2,7
Geralt,Maria,Undirected,1,7
Ciri,Emiel,Undirected,2,7
Geralt,Emiel,Undirected,2,7
Emiel,Ciri,Undirected,1,7
Yennefer,Emiel,Undirected,1,7
Vilgefortz,Emiel,Undirected,1,7
Geralt,Vilgefortz,Undirected,22,7
Count,Stefan,Undirected,1,7
Leo,Vilgefortz,Undirected,1,7
Ciri,Cahir,Undirected,6,7
Cahir,Two,Undirected,1,7
Cahir,Aillil,Undirected,1,7
Fringilla,Count,Undirected,1,7
Count,Ciri,Undirected,2,7
Ciri,Leo,Undirected,1,7
Leo,Yennefer,Undirected,1,7
Leo,Ciri,Undirected,1,7
Geralt,Emhyr,Undirected,2,7
Geralt,Pavetta,Undirected,2,7
Emhyr,Vilgefortz,Undirected,2,7
Emhyr,Pavetta,Undirected,2,7
Vilgefortz,Pavetta,Undirected,1,7
Pavetta,Emhyr,Undirected,2,7
Emhyr,Duke,Undirected,1,7
Duke,Emhyr,Undirected,1,7
Emhyr,Xarthisius,Undirected,1,7
Xarthisius,Vilgefortz,Undirected,1,7
Vilgefortz,Braathens,Undirected,1,7
Pavetta,Vilgefortz,Undirected,1,7
Pavetta,Ciri,Undirected,1,7
Emhyr,Calanthe,Undirected,1,7
Geralt,Calanthe,Undirected,1,7
Calanthe,Vilgefortz,Undirected,1,7
Calanthe,Ciri,Undirected,1,7
Emhyr,Ciri,Undirected,3,7
Francesca,Geralt,Undirected,1,7
Francesca,Fringilla,Undirected,1,7
Pavetta,Calanthe,Undirected,1,7
Pavetta,Cyrus,Undirected,1,7
Calanthe,Cyrus,Undirected,1,7
Cyrus,Calanthe,Undirected,1,7
Calanthe,Triss,Undirected,1,7
Triss,Ciri,Undirected,12,7
Shilard,King,Undirected,1,7
Shilard,Foltest,Undirected,2,7
Shilard,Henselt,Undirected,1,7
King,Foltest,Undirected,1,7
King,Henselt,Undirected,2,7
Foltest,Henselt,Undirected,4,7
Henselt,King,Undirected,2,7
Henselt,Meve,Undirected,2,7
Henselt,Demavend,Undirected,4,7
King,Demavend,Undirected,3,7
Meve,Demavend,Undirected,1,7
Meve,Henselt,Undirected,1,7
Demavend,Henselt,Undirected,2,7
Foltest,Demavend,Undirected,1,7
Demavend,Cyrus,Undirected,2,7
Demavend,Shilard,Undirected,3,7
Cyrus,Shilard,Undirected,1,7
Sabrina,Emhyr,Undirected,1,7
Sabrina,Demavend,Undirected,3,7
Sabrina,Shilard,Undirected,1,7
Emhyr,Demavend,Undirected,2,7
Emhyr,Shilard,Undirected,2,7
Demavend,Assire,Undirected,3,7
Shilard,Assire,Undirected,1,7
Assire,Francesca,Undirected,1,7
Sabrina,Francesca,Undirected,3,7
Sabrina,Margarita,Undirected,2,7
Francesca,Sabrina,Undirected,2,7
Francesca,Margarita,Undirected,1,7
Francesca,King,Undirected,2,7
Sabrina,King,Undirected,1,7
Margarita,King,Undirected,1,7
Margarita,Demavend,Undirected,1,7
Francesca,Demavend,Undirected,3,7
King,Sabrina,Undirected,1,7
King,Francesca,Undirected,1,7
Demavend,Sabrina,Undirected,1,7
Demavend,Francesca,Undirected,2,7
Demavend,Philippa,Undirected,2,7
Philippa,Demavend,Undirected,4,7
Philippa,Assire,Undirected,1,7
Riordain,Isengrim,Undirected,1,7
Shilard,Baron,Undirected,4,7
Baron,Ambassador,Undirected,1,7
Ambassador,Shilard,Undirected,1,7
Baron,Shilard,Undirected,2,7
Shilard,Emhyr,Undirected,2,7
Shilard,Demavend,Undirected,1,7
Foltest,Meve,Undirected,2,7
Henselt,Foltest,Undirected,1,7
Meve,Foltest,Undirected,1,7
Meve,Calanthe,Undirected,1,7
Foltest,Calanthe,Undirected,1,7
Philippa,Foltest,Undirected,1,7
Foltest,Philippa,Undirected,1,7
Foltest,Emhyr,Undirected,1,7
Philippa,Emhyr,Undirected,1,7
Emhyr,Margarita,Undirected,1,7
Margarita,Assire,Undirected,1,7
Triss,Vattier,Undirected,1,7
Vattier,Emhyr,Undirected,2,7
Vattier,Count,Undirected,2,7
Vattier,Stefan,Undirected,1,7
Zuleyka,Ciri,Undirected,2,7
Zuleyka,Calanthe,Undirected,1,7
Zuleyka,Shilard,Undirected,1,7
Ciri,Calanthe,Undirected,1,7
Ciri,Shilard,Undirected,1,7
Calanthe,Shilard,Undirected,1,7
Calanthe,Emhyr,Undirected,1,7
Pavetta,Philippa,Undirected,1,7
Demavend,Radovid,Undirected,1,7
Cyrus,Radovid,Undirected,2,7
Philippa,Radovid,Undirected,1,7
Nenneke,Iola,Undirected,1,7
Iola,Milo,Undirected,1,7
Philippa,Sigismund,Undirected,1,7
Lucienne,Jarre,Undirected,8,7
Jarre,Lucienne,Undirected,6,7
Two,Lucienne,Undirected,1,7
Toruviel,Lucienne,Undirected,1,7
Rayla,Barclay,Undirected,2,7
Isengrim,Riordain,Undirected,1,7
Philippa,King,Undirected,2,7
Ciri,Beau,Undirected,1,7
Dandelion,Beau,Undirected,2,7
Beau,Count,Undirected,1,7
Julia,Ciri,Undirected,1,7
Julia,Count,Undirected,3,7
Ciri,Count,Undirected,1,7
Ciri,Julia,Undirected,1,7
Count,Julia,Undirected,1,7
Julia,Anna,Undirected,1,7
Dandelion,Anna,Undirected,1,7
Anna,Beau,Undirected,1,7
Dandelion,Baron,Undirected,1,7
Fringilla,Jan,Undirected,1,7
Jan,Dandelion,Undirected,1,7
Yennefer,Kelpie,Undirected,2,7
Kelpie,Geralt,Undirected,1,7
Kelpie,Dandelion,Undirected,1,7
Yennefer,Triss,Undirected,10,7
Ciri,Margarita,Undirected,2,7
Triss,Margarita,Undirected,2,7
Triss,Yennefer,Undirected,15,7
Margarita,Yennefer,Undirected,2,7
Margarita,Ciri,Undirected,1,7
Yennefer,Philippa,Undirected,2,7
Philippa,Ciri,Undirected,7,7
Ciri,Francesca,Undirected,3,7
Francesca,Yennefer,Undirected,2,7
Francesca,Tissaia,Undirected,2,7
Yennefer,Tissaia,Undirected,8,7
Tissaia,Ciri,Undirected,2,7
Emhyr,Philippa,Undirected,1,7
Philippa,Esterad,Undirected,1,7
Philippa,Zuleyka,Undirected,1,7
Esterad,Zuleyka,Undirected,1,7
Esterad,Ciri,Undirected,1,7
Yennefer,Francesca,Undirected,1,7
Francesca,Ciri,Undirected,2,7
Yennefer,Margarita,Undirected,1,7
Geralt,Margarita,Undirected,2,7
Margarita,Geralt,Undirected,2,7
Ciri,Sabrina,Undirected,2,7
Sabrina,Keira,Undirected,1,7
Sabrina,Geralt,Undirected,1,7
Keira,Geralt,Undirected,1,7
Keira,Yennefer,Undirected,1,7
Geralt,Sabrina,Undirected,2,7
Sabrina,Yennefer,Undirected,3,7
Triss,Geralt,Undirected,1,7
Triss,Tissaia,Undirected,1,7
Geralt,Tissaia,Undirected,1,7
Margarita,Tissaia,Undirected,1,7
Tissaia,Francesca,Undirected,1,7
Ida,Ciri,Undirected,1,7
Assire,Ciri,Undirected,1,7
Yennefer,Sabrina,Undirected,2,7
Dandelion,Meve,Undirected,1,7
Two,Dandelion,Undirected,2,7
Two,Geralt,Undirected,2,7
Yarpen,Zoltan,Undirected,8,7
Zoltan,Yarpen,Undirected,5,7
Zoltan,King,Undirected,1,7
Yarpen,King,Undirected,3,7
King,Zoltan,Undirected,1,7
King,Yarpen,Undirected,1,7
Zoltan,Percival,Undirected,1,7
Percival,Field,Undirected,1,7
Field,Yarpen,Undirected,1,7
Zoltan,Regan,Undirected,1,7
Yarpen,Eudora,Undirected,2,7
Zoltan,Eudora,Undirected,2,7
Eudora,Zoltan,Undirected,1,7
Eudora,Dandelion,Undirected,1,7
Zoltan,Dandelion,Undirected,2,7
Yennefer,King,Undirected,1,7
Yarpen,Geralt,Undirected,2,7
Dandelion,Yarpen,Undirected,3,7
Yarpen,Dandelion,Undirected,1,7
King,Dandelion,Undirected,1,7
Dandelion,Zoltan,Undirected,1,7
Zoltan,Sword,Undirected,1,7
Eskel,Geralt,Undirected,1,7
Eskel,Vesemir,Undirected,3,7
Eskel,Lambert,Undirected,1,7
Geralt,Vesemir,Undirected,1,7
Geralt,Lambert,Undirected,2,7
Vesemir,Lambert,Undirected,2,7
Vesemir,Eskel,Undirected,2,7
Vesemir,Geralt,Undirected,1,7
Lambert,Eskel,Undirected,1,7
Lambert,Vesemir,Undirected,1,7
Geralt,Zoltan,Undirected,1,7
Kelpie,Yennefer,Undirected,5,7
Triss,Kelpie,Undirected,2,7
Tissaia,Yennefer,Undirected,3,7
Triss,Alzur,Undirected,1,7
Yennefer,Alzur,Undirected,1,7
Nimue,Triss,Undirected,3,7
Triss,Nimue,Undirected,1,7
Dandelion,Yennefer,Undirected,2,7
Yennefer,Dandelion,Undirected,1,7
Dandelion,Triss,Undirected,1,7
Kelpie,Triss,Undirected,1,7
Ciri,Milva,Undirected,1,7
Yennefer,Cahir,Undirected,1,7
Yennefer,Milva,Undirected,1,7
Yennefer,Zoltan,Undirected,1,7
Cahir,Zoltan,Undirected,1,7
Cahir,Triss,Undirected,1,7
Milva,Zoltan,Undirected,1,7
Milva,Triss,Undirected,1,7
Milva,Lytta,Undirected,1,7
Zoltan,Triss,Undirected,1,7
Zoltan,Lytta,Undirected,1,7
Zoltan,Ciri,Undirected,1,7
Triss,Lytta,Undirected,1,7
Lytta,Ciri,Undirected,2,7
Lytta,Triss,Undirected,1,7
Triss,Dandelion,Undirected,1,7
Triss,Yarpen,Undirected,1,7
Dandelion,Mistle,Undirected,1,7
